      22,  -0.000916,   0.985229,   0.212721
      38,  -0.000549,   0.991210,   0.213087
      53,  -0.001770,   0.987670,   0.213819
      69,  -0.002380,   0.987426,   0.214918
      85,  -0.000427,   0.987304,   0.214063
     100,   0.000549,   0.983642,   0.215528
     116,  -0.000183,   0.982421,   0.213819
     131,  -0.000305,   0.987304,   0.215528
     147,   0.000549,   0.988647,   0.214430
     162,  -0.001282,   0.984374,   0.213697
     178,  -0.001282,   0.985229,   0.213087
     194,   0.001160,   0.983764,   0.213819
     210,   0.001648,   0.987182,   0.214063
     225,   0.000549,   0.987792,   0.212232
     241,   0.001648,   0.987548,   0.212721
     256,   0.000793,   0.984862,   0.213697
     272,   0.000671,   0.986205,   0.210767
     288,  -0.000916,   0.983642,   0.212476
     303,  -0.001038,   0.984740,   0.212721
     319,  -0.002136,   0.986938,   0.212476
     334,  -0.001770,   0.988647,   0.215772
     350,  -0.001526,   0.984862,   0.214185
     366,  -0.002625,   0.983153,   0.210401
     381,  -0.001404,   0.988036,   0.213087
     397,  -0.000305,   0.985595,   0.213941
     413,  -0.000671,   0.981810,   0.211866
     428,   0.001038,   0.986938,   0.214674
     444,  -0.001648,   0.985351,   0.214552
     459,   0.000427,   0.986449,   0.213453
     475,  -0.000183,   0.986083,   0.212354
     490,  -0.000061,   0.985595,   0.214674
     506,  -0.001526,   0.985595,   0.213453
     522,  -0.002136,   0.984862,   0.212354
     538,  -0.000061,   0.986816,   0.213819
     553,   0.000427,   0.986571,   0.212110
     569,   0.000305,   0.985961,   0.212476
     584,   0.002136,   0.987914,   0.213575
     600,  -0.001770,   0.983031,   0.211256
     616,  -0.001282,   0.984618,   0.215528
     631,  -0.000671,   0.985595,   0.215284
     647,  -0.000061,   0.986205,   0.211622
     662,  -0.003235,   0.985229,   0.211378
     678,  -0.002014,   0.987426,   0.214674
     694,   0.001404,   0.984252,   0.214063
     709,  -0.000183,   0.985351,   0.212965
     725,  -0.002625,   0.985961,   0.215895
     741,   0.000549,   0.985717,   0.211988
     756,  -0.000549,   0.986205,   0.214796
     772,  -0.000916,   0.984984,   0.212110
     788,  -0.001282,   0.983642,   0.215528
     803,   0.000671,   0.985717,   0.211866
     819,   0.000061,   0.983520,   0.212598
     834,   0.001526,   0.984252,   0.215162
     850,   0.006531,   0.986327,   0.199292
     866,   0.002747,   0.997681,   0.199414
     881,  -0.010438,   0.980223,   0.226271
     897,  -0.019471,   0.989745,   0.210035
     912,  -0.028505,   0.982665,   0.204908
     928,  -0.043643,   0.973143,   0.230910
     944,  -0.052799,   0.994995,   0.211378
     959,  -0.017884,   0.976195,   0.206006
     975,   0.006043,   0.991943,   0.190624
     990,   0.008851,   0.967283,   0.184154
    1006,   0.019593,   0.983031,   0.203076
    1022,   0.016053,   1.002686,   0.236159
    1037,   0.024110,   1.011597,   0.261307
    1053,   0.009217,   0.968748,   0.274980
    1069,   0.013001,   0.991943,   0.245193
    1084,   0.018006,   0.960325,   0.221144
    1100,   0.005921,   0.984374,   0.233230
    1116,   0.029970,   1.002564,   0.214063
    1131,   0.067692,   1.021241,   0.210889
    1147,   0.100775,   1.059940,   0.229323
    1162,   0.097479,   1.031008,   0.265580
    1178,   0.069035,   1.004761,   0.249100
    1194,   0.054752,   0.930904,   0.250198
    1209,   0.055729,   0.910517,   0.248367
    1225,   0.064640,   0.913325,   0.235183
    1241,   0.089300,   0.976561,   0.215772
    1256,   0.112128,   1.044314,   0.215406
    1272,   0.135567,   1.087530,   0.245437
    1287,   0.110053,   1.077397,   0.261674
    1303,   0.097967,   1.043093,   0.257401
    1318,   0.078801,   1.011109,   0.241409
    1334,   0.091619,   0.989623,   0.207471
    1350,   0.094549,   0.954831,   0.195630
    1366,   0.119697,   0.924556,   0.183056
    1381,   0.154856,   0.927486,   0.180248
    1397,   0.178905,   0.953488,   0.182811
    1412,   0.176830,   0.993408,   0.177196
    1428,   0.196728,   1.017091,   0.182934
    1444,   0.208204,   0.992797,   0.185863
    1459,   0.232131,   0.999390,   0.175487
    1475,   0.235427,   0.970335,   0.172557
    1490,   0.252640,   0.959714,   0.163279
    1506,   0.259110,   0.954953,   0.158152
    1522,   0.263261,   0.955930,   0.159373
    1537,   0.276933,   0.980101,   0.153024
    1553,   0.283892,   0.974608,   0.149606
    1569,   0.306110,   0.948117,   0.138986
    1584,   0.313313,   0.935421,   0.131539
    1600,   0.319783,   0.922359,   0.123970
    1615,   0.331746,   0.905023,   0.125557
    1631,   0.340780,   0.917598,   0.104560
    1646,   0.363975,   0.976683,   0.080266
    1662,   0.375084,   0.957639,   0.117134
    1678,   0.393029,   0.940182,   0.088567
    1693,   0.403284,   0.928096,   0.075627
    1709,   0.410731,   0.905512,   0.090765
    1725,   0.417201,   0.885369,   0.073674
    1740,   0.429653,   0.888299,   0.079167
    1756,   0.433559,   0.906855,   0.072209
    1772,   0.471037,   0.866813,   0.054752
    1787,   0.467741,   0.925288,   0.000793
    1803,   0.470305,   0.917353,   0.078313
    1818,   0.492767,   0.911738,   0.049625
    1834,   0.522188,   0.924556,   0.069035
    1850,   0.531343,   0.934322,   0.053897
    1865,   0.562962,   0.858878,   0.055729
    1881,   0.591772,   0.795520,   0.047916
    1897,   0.587377,   0.778307,   0.073552
    1912,   0.555393,   0.828847,   0.059391
    1928,   0.581762,   0.850821,   0.046084
    1943,   0.615455,   0.813343,   0.035097
    1959,   0.622414,   0.751816,   0.031679
    1974,   0.637673,   0.693585,   0.009827
    1990,   0.658915,   0.683452,   0.003235
    2006,   0.676616,   0.687603,   0.001282
    2022,   0.699200,   0.719709,  -0.007874
    2037,   0.731795,   0.727645,  -0.007019
    2053,   0.734115,   0.686016,   0.017030
    2068,   0.747909,   0.685284,   0.011048
    2084,   0.754868,   0.687359,   0.020692
    2099,   0.759263,   0.684551,   0.035097
    2115,   0.758042,   0.680522,   0.039736
    2131,   0.751572,   0.664164,   0.039004
    2146,   0.771226,   0.673808,   0.041323
    2162,   0.796008,   0.695416,   0.024354
    2178,   0.781969,   0.697369,   0.041812
    2193,   0.801379,   0.672587,   0.043643
    2209,   0.798816,   0.635964,   0.047427
    2225,   0.812000,   0.624367,   0.031801
    2240,   0.797107,   0.615455,   0.037417
    2256,   0.799548,   0.587743,   0.021181
    2272,   0.782824,   0.558689,   0.024721
    2287,   0.819081,   0.544406,   0.005555
    2303,   0.822377,   0.531588,   0.009949
    2318,   0.842031,   0.529878,   0.004456
    2334,   0.864372,   0.522066,   0.008606
    2350,   0.873039,   0.522188,   0.015199
    2365,   0.843130,   0.548556,   0.005921
    2381,   0.862174,   0.456266,   0.035342
    2396,   0.869011,   0.466886,   0.005310
    2412,   0.881462,   0.420863,   0.012757
    2428,   0.901117,   0.412562,   0.015321
    2443,   0.925655,   0.418666,   0.033510
    2459,   0.928218,   0.424281,   0.052799
    2474,   0.936031,   0.430629,   0.060978
    2490,   0.929439,   0.419398,   0.062077
    2506,   0.930660,   0.420619,   0.053531
    2521,   0.961790,   0.390588,   0.041201
    2537,   0.999634,   0.363242,   0.039004
    2553,   0.995361,   0.344442,   0.056827
    2568,   0.974120,   0.337972,   0.057926
    2584,   0.980101,   0.359580,   0.049502
    2600,   0.958249,   0.338705,   0.040957
    2615,   0.938473,   0.274370,   0.035708
    2631,   0.949094,   0.275713,   0.026308
    2646,   0.958738,   0.272172,   0.026674
    2662,   0.965574,   0.280596,   0.021181
    2678,   0.980223,   0.295489,   0.008240
    2693,   0.957151,   0.261674,   0.003845
    2709,   0.967039,   0.257889,  -0.000671
    2725,   0.948361,   0.224318,   0.012147
    2740,   0.952634,   0.183910,   0.012513
    2756,   0.944577,   0.188549,   0.011903
    2771,   0.987304,   0.200146,   0.010560
    2787,   1.004761,   0.182811,   0.017640
    2802,   1.001221,   0.160105,   0.029238
    2818,   1.009888,   0.163401,   0.029360
    2834,   1.012208,   0.156199,   0.028993
    2850,   1.002686,   0.134591,   0.031191
    2865,   1.022829,   0.118354,   0.028993
    2881,   1.023683,   0.089422,   0.031435
    2896,   1.019655,   0.074162,   0.038760
    2912,   1.015626,   0.079412,   0.042422
    2928,   1.016725,   0.080388,   0.039492
    2943,   1.018312,   0.103095,   0.037539
    2959,   0.993286,   0.093817,   0.039736
    2974,   1.002930,   0.078923,   0.041079
    2990,   1.012818,   0.079656,   0.035952
    3006,   1.024415,   0.091741,   0.031923
    3021,   1.012818,   0.091619,   0.036929
    3037,   1.014283,   0.135567,   0.039370
    3053,   1.006714,   0.157541,   0.042422
    3068,   1.011231,   0.151682,   0.042422
    3090,   0.992919,   0.112861,   0.036074
    3106,   0.983397,   0.119575,   0.027040
    3121,   0.991333,   0.122261,   0.022035
    3137,   0.995239,   0.106513,   0.019349
    3153,   1.007813,   0.084905,   0.025331
    3168,   1.003052,   0.075871,   0.026186
    3184,   1.013795,   0.047549,   0.026552
    3199,   1.026979,   0.035830,   0.026430
    3215,   1.026613,   0.019105,   0.033022
    3230,   1.018678,   0.015443,   0.033510
    3246,   1.022951,   0.037539,   0.037783
    3262,   1.010133,   0.029604,   0.043521
    3277,   1.004517,   0.022890,   0.054874
    3293,   1.005005,   0.015077,   0.049625
    3309,   1.017213,   0.025697,   0.044742
    3324,   1.031862,   0.037173,   0.042300
    3340,   1.031130,   0.042788,   0.044986
    3356,   1.038332,   0.072819,   0.048648
    3371,   1.015992,   0.073918,   0.050113
    3387,   0.993774,   0.053531,   0.047061
    3402,   0.991577,   0.063664,   0.029604
    3418,   0.998779,   0.061222,   0.028383
    3434,   1.000000,   0.068669,   0.034243
    3449,   1.027590,   0.063908,   0.040957
    3465,   1.029176,   0.064884,   0.052188
    3481,   1.022340,   0.063664,   0.054874
    3496,   1.012208,   0.057438,   0.049869
    3512,   0.992431,   0.050235,   0.045596
    3527,   0.997558,   0.049136,   0.034121
    3543,   1.001953,   0.042178,   0.034731
    3558,   1.024538,   0.035342,   0.036318
    3574,   1.026735,   0.027529,   0.043032
    3590,   1.019655,   0.031069,   0.046329
    3606,   1.008301,   0.046695,   0.044253
    3621,   1.009644,   0.048160,   0.043765
    3637,   1.002442,   0.043277,   0.049502
    3652,   1.017335,   0.045474,   0.046329
    3668,   1.022462,   0.063664,   0.050845
    3684,   1.015870,   0.071843,   0.052066
    3699,   1.004517,   0.074895,   0.044742
    3715,   1.000610,   0.077580,   0.038516
    3730,   0.999756,   0.070378,   0.038027
    3746,   1.010743,   0.058658,   0.036196
    3762,   1.015382,   0.062321,   0.040957
    3777,   1.023927,   0.061710,   0.046329
    3793,   1.009034,   0.062565,   0.050235
    3809,   1.000488,   0.056583,   0.046084
    3824,   0.990966,   0.044986,   0.039492
    3840,   1.005005,   0.037417,   0.031801
    3855,   1.005982,   0.033266,   0.037295
    3871,   1.018678,   0.021913,   0.041201
    3886,   1.030031,   0.048038,   0.050723
    3902,   1.022707,   0.051822,   0.054874
    3918,   1.017701,   0.053043,   0.054264
    3934,   1.013428,   0.068180,   0.049869
    3949,   1.005493,   0.065617,   0.040835
    3965,   1.005005,   0.070988,   0.035708
    3980,   1.005493,   0.058658,   0.038638
    3996,   1.004029,   0.041934,   0.045230
    4012,   1.014405,   0.043154,   0.047671
    4027,   1.023317,   0.046817,   0.046695
    4043,   1.019655,   0.060490,   0.045718
    4058,   1.013917,   0.063786,   0.049258
    4074,   1.007203,   0.055362,   0.050235
    4090,   1.005860,   0.044131,   0.054630
    4105,   1.012818,   0.045596,   0.051700
    4121,   1.006958,   0.047549,   0.049869
    4137,   1.002808,   0.053531,   0.044742
    4152,   1.009034,   0.064518,   0.040591
    4168,   1.011842,   0.064884,   0.040713
    4183,   1.008179,   0.043521,   0.050845
    4199,   1.015138,   0.040103,   0.052921
    4215,   1.006958,   0.030581,   0.050601
    4230,   1.004517,   0.019716,   0.044742
    4246,   1.008790,   0.036929,   0.044742
    4262,   1.010499,   0.045474,   0.047549
    4277,   1.020997,   0.033510,   0.055606
    4293,   1.023805,   0.056705,   0.057071
    4308,   1.009888,   0.055484,   0.065251
    4324,   1.013428,   0.053653,   0.054996
    4340,   1.004883,   0.059879,   0.045230
    4355,   1.018190,   0.060123,   0.042178
    4371,   1.013306,   0.057926,   0.050235
    4386,   1.023805,   0.061344,   0.056461
    4402,   1.017823,   0.054019,   0.061832
    4418,   1.006958,   0.045108,   0.059635
    4433,   1.006348,   0.050967,   0.053897
    4449,   1.009034,   0.047305,   0.049625
    4465,   1.015626,   0.048404,   0.049380
    4480,   1.013795,   0.053043,   0.054019
    4496,   1.011109,   0.036806,   0.056095
    4512,   1.004761,   0.034243,   0.052921
    4527,   0.997192,   0.029604,   0.048770
    4543,   1.003418,   0.032045,   0.047427
    4558,   1.022707,   0.048038,   0.046817
    4574,   1.023683,   0.040469,   0.061832
    4590,   1.039431,   0.044131,   0.066227
    4605,   1.035769,   0.054874,   0.069279
    4621,   1.018800,   0.052799,   0.066593
    4637,   1.013428,   0.057193,   0.062687
    4652,   1.008179,   0.080510,   0.046084
    4668,   0.999023,   0.086126,   0.044864
    4714,   0.991455,   0.074284,   0.046084
    4730,   0.998535,   0.064152,   0.048038
    4746,   1.014283,   0.076115,   0.048648
    4762,   1.013428,   0.073308,   0.051700
    4777,   1.011597,   0.063297,   0.058780
    4793,   1.020021,   0.058048,   0.063542
    4808,   1.017213,   0.049991,   0.066838
    4824,   1.021974,   0.046573,   0.062687
    4840,   1.025636,   0.051456,   0.054630
    4855,   1.018068,   0.063419,   0.051944
    4871,   1.015016,   0.046206,   0.056949
    4886,   1.014161,   0.055118,   0.059025
    4902,   1.011231,   0.050235,   0.058780
    4918,   1.011964,   0.055851,   0.058170
    4933,   1.013062,   0.061100,   0.053043
    4949,   1.011475,   0.060978,   0.058048
    4965,   1.017091,   0.075017,   0.061466
    4980,   1.019166,   0.078069,   0.062077
    4996,   1.015016,   0.073674,   0.062077
    5011,   1.028810,   0.082341,   0.059635
    5027,   1.019899,   0.062809,   0.062077
    5042,   1.015138,   0.070256,   0.053409
    5058,   1.010499,   0.062199,   0.046695
    5074,   1.004761,   0.056217,   0.051212
    5089,   1.011109,   0.060123,   0.054996
    5105,   1.010377,   0.061588,   0.055606
    5121,   1.022340,   0.037539,   0.058414
    5136,   1.024171,   0.055729,   0.056095
    5152,   1.035647,   0.068547,   0.046451
    5167,   1.020143,   0.048404,   0.046084
    5183,   1.016114,   0.061954,   0.042056
    5199,   0.992919,   0.047427,   0.034853
    5215,   0.986571,   0.045108,   0.030214
    5230,   0.998413,   0.054142,   0.026308
    5246,   1.002442,   0.060123,   0.026796
    5261,   1.013306,   0.073552,   0.025087
    5277,   1.009888,   0.075505,   0.014832
    5293,   1.000000,   0.068180,   0.015077
    5309,   1.006836,   0.064274,   0.012147
    5325,   1.006104,   0.077092,   0.014710
    5341,   1.005371,   0.071110,   0.020692
    5357,   1.017091,   0.076360,   0.019838
    5374,   1.020875,   0.072209,   0.020204
    5396,   1.025392,   0.065983,   0.023012
    5411,   1.034182,   0.042788,   0.026064
    5427,   1.037722,   0.044497,   0.029970
    5443,   1.014649,   0.059147,   0.033510
    5458,   0.993774,   0.047916,   0.021181
    5474,   0.973509,   0.051334,   0.007386
    5490,   0.971678,   0.041445,  -0.010193
    5505,   0.983153,   0.029116,  -0.008362
    5521,   0.994140,   0.036074,  -0.002014
    5537,   0.994995,   0.045230,   0.002136
    5552,   1.003662,   0.075993,   0.010560
    5568,   1.002564,   0.080999,   0.006897
    5583,   1.012818,   0.088689,   0.005066
    5599,   1.016236,   0.085760,   0.007874
    5614,   1.031862,   0.084539,   0.012391
    5630,   1.037844,   0.090032,   0.017152
    5646,   1.029176,   0.092718,   0.019471
    5661,   1.010377,   0.075871,   0.019227
    5677,   0.997314,   0.072209,   0.015931
    5692,   1.010987,   0.078435,   0.010438
    5708,   1.016480,   0.070256,   0.014100
    5724,   1.026491,   0.074773,   0.012513
    5740,   1.028932,   0.090399,   0.011903
    5755,   1.020021,   0.080266,   0.014588
    5771,   1.016358,   0.070500,   0.012879
    5786,   1.028200,   0.076115,   0.009583
    5802,   1.020387,   0.074162,   0.013368
    5818,   1.012086,   0.093451,   0.009949
    5833,   0.987426,   0.082464,   0.002625
    5849,   0.986571,   0.085027,  -0.007019
    5865,   0.979003,   0.095648,  -0.014344
    5880,   0.987792,   0.091741,  -0.017030
    5896,   1.010499,   0.091619,  -0.013734
    5911,   1.017823,   0.101752,   0.002258
    5927,   1.019777,   0.103339,   0.014832
    5942,   1.014771,   0.095038,   0.010071
    5958,   1.015138,   0.105658,   0.002136
    5974,   1.010621,   0.111884,   0.001526
    5990,   1.004273,   0.091986,  -0.003479
    6005,   1.004639,   0.084173,  -0.001038
    6021,   1.003174,   0.077703,   0.002625
    6036,   1.013306,   0.086248,   0.004212
    6052,   1.013428,   0.097845,   0.007996
    6068,   1.007813,   0.088934,   0.004822
    6083,   1.012208,   0.102240,   0.000916
    6099,   1.004029,   0.102728,   0.000549
    6114,   1.004029,   0.101264,  -0.005921
    6130,   1.008179,   0.099921,  -0.000183
    6146,   1.010743,   0.092230,   0.003845
    6161,   1.012574,   0.094793,   0.009217
    6177,   1.009644,   0.100043,   0.008240
    6193,   1.009278,   0.104926,   0.004700
    6208,   1.005371,   0.104682,   0.002747
    6224,   1.003662,   0.098822,   0.002625
    6239,   1.002198,   0.101508,   0.001160
    6255,   1.007081,   0.097479,   0.001770
    6270,   1.000732,   0.101386,   0.002869
    6286,   1.006348,   0.107856,  -0.000549
    6302,   1.008179,   0.097967,   0.002869
    6318,   1.008057,   0.090765,   0.007020
    6333,   1.018434,   0.096624,   0.009827
    6349,   1.021852,   0.089178,   0.011903
    6364,   1.024049,   0.092474,   0.013490
    6380,   1.021363,   0.093939,   0.010438
    6396,   1.017457,   0.100043,   0.007630
    6411,   1.013428,   0.101019,   0.007752
    6427,   1.004761,   0.097845,   0.005066
    6442,   1.013062,   0.099310,   0.005921
    6458,   1.007691,   0.101141,   0.009705
    6474,   1.001587,   0.100043,   0.002503
    6489,   0.998291,   0.102240,   0.001160
    6505,   0.998779,   0.096869,   0.000793
    6521,   1.010377,   0.099310,   0.003113
    6536,   1.020631,   0.096747,   0.003479
    6552,   1.026247,   0.109809,   0.010316
    6567,   1.016725,   0.116767,   0.010438
    6583,   0.989379,   0.106879,  -0.000794
    6598,   0.982421,   0.080144,  -0.011170
    6614,   0.989379,   0.086614,  -0.008118
    6630,   1.006836,   0.085515,  -0.001770
    6646,   1.028688,   0.099066,   0.009339
    6661,   1.025270,   0.110175,   0.018861
    6677,   1.014405,   0.112128,   0.011658
    6692,   1.002442,   0.110664,  -0.001038
    6708,   1.000610,   0.089666,  -0.003113
    6724,   1.008057,   0.086004,  -0.004090
    6739,   1.019044,   0.103949,   0.002258
    6755,   1.019044,   0.098822,   0.009339
    6770,   1.005738,   0.112250,   0.010071
    6786,   0.992065,   0.103949,   0.002014
    6802,   0.988891,   0.081487,  -0.002625
    6817,   1.017457,   0.085149,  -0.001160
    6833,   1.028566,   0.100531,   0.009217
    6849,   1.031618,   0.100531,   0.017518
    6864,   1.026491,   0.110908,   0.019105
    6880,   0.998047,   0.108588,   0.012025
    6896,   0.986205,   0.095282,   0.001892
    6911,   0.994384,   0.081731,  -0.004090
    6927,   1.017823,   0.093573,  -0.004578
    6942,   1.029421,   0.098334,   0.006409
    6958,   1.027590,   0.114082,   0.018129
    6974,   1.013673,   0.113837,   0.010560
    6989,   0.999512,   0.104804,   0.003357
    7005,   0.998657,   0.101752,   0.000427
    7021,   1.000488,   0.093206,  -0.000305
    7036,   1.008179,   0.091741,   0.005066
    7052,   1.016725,   0.104926,   0.009583
    7067,   1.011842,   0.104071,   0.007020
    7083,   0.997558,   0.106757,   0.005188
    7098,   0.996948,   0.106757,  -0.000061
    7114,   0.993652,   0.095282,   0.000061
    7130,   0.999756,   0.101630,   0.000061
    7146,   1.005005,   0.096991,   0.005310
    7161,   1.011719,   0.094549,   0.008973
    7177,   1.025392,   0.115547,   0.013123
    7192,   1.033205,   0.120430,   0.013734
    7208,   1.025270,   0.113227,   0.009827
    7224,   1.015748,   0.112006,   0.005188
    7239,   1.009888,   0.099554,   0.004700
    7255,   1.009522,   0.092840,   0.005555
    7270,   1.008423,   0.095526,   0.006531
    7286,   1.003174,   0.094793,   0.008118
    7302,   1.004029,   0.100287,   0.008851
    7317,   1.006226,   0.109931,   0.006531
    7333,   1.018190,   0.102851,   0.005921
    7349,   1.022096,   0.110053,   0.008118
    7364,   1.021486,   0.111884,   0.014344
    7395,   0.994384,   0.096136,   0.003479
    7411,   0.992675,   0.098700,   0.002136
    7427,   1.015138,   0.104682,  -0.002258
    7442,   1.022707,   0.091619,   0.003479
    7458,   1.021608,   0.084295,   0.007874
    7474,   1.016236,   0.088201,   0.012025
    7489,   1.009766,   0.091497,   0.009461
    7505,   1.000488,   0.094061,   0.002136
    7520,   1.011353,   0.093573,  -0.002503
    7536,   1.013184,   0.089910,   0.000916
    7551,   1.010255,   0.096380,   0.004456
    7567,   1.006958,   0.097723,  -0.001892
    7583,   0.998413,   0.093328,  -0.010560
    7598,   0.995361,   0.090521,  -0.006287
    7614,   0.999512,   0.085149,  -0.004090
    7630,   1.017579,   0.091864,  -0.003845
    7645,   1.009034,   0.099554,   0.002625
    7661,   1.023073,   0.088934,  -0.009095
    7677,   1.015016,   0.089910,  -0.002747
    7692,   1.012696,   0.086736,  -0.005799
    7708,   1.005615,   0.088567,  -0.003479
    7723,   1.004029,   0.080632,  -0.002380
    7739,   1.008790,   0.079534,  -0.002380
    7754,   1.023805,   0.080876,   0.001160
    7770,   1.031984,   0.093939,   0.006287
    7786,   1.013917,   0.105292,   0.004090
    7802,   0.989135,   0.104193,  -0.004700
    7818,   0.975707,   0.090276,  -0.016908
    7833,   1.005127,   0.091375,  -0.018983
    7849,   1.026125,   0.092352,  -0.004212
    7864,   1.036745,   0.102728,   0.008484
    7880,   1.025270,   0.105170,   0.008851
    7896,   0.992919,   0.099310,  -0.001526
    7911,   0.966429,   0.083440,  -0.016175
    7927,   0.961057,   0.069279,  -0.031557
    7942,   0.990966,   0.077703,  -0.024110
    7958,   1.017335,   0.089300,  -0.001892
    7974,   1.040774,   0.099554,   0.016541
    7989,   1.042605,   0.100897,   0.017884
    8005,   1.036135,   0.113593,   0.008729
    8021,   1.022829,   0.108588,   0.003968
    8036,   1.005982,   0.106025,  -0.007752
    8052,   1.013795,   0.106635,  -0.006775
    8068,   1.010377,   0.097235,   0.003479
    8083,   1.015138,   0.107245,   0.006287
    8105,   1.004883,   0.097113,   0.002747
    8120,   0.997070,   0.086248,  -0.004822
    8136,   0.999390,   0.089666,  -0.010193
    8151,   1.001343,   0.088567,  -0.004944
    8167,   1.005982,   0.088079,   0.002747
    8182,   1.012818,   0.081121,   0.004212
    8198,   1.012086,   0.095160,   0.000671
    8214,   1.010865,   0.099799,  -0.006287
    8230,   1.000000,   0.098456,  -0.000061
    8245,   1.004639,   0.105536,   0.000183
    8261,   1.011597,   0.096258,   0.004822
    8276,   1.017091,   0.093817,   0.000183
    8292,   1.019532,   0.095038,  -0.001892
    8308,   1.016969,   0.089788,  -0.001892
    8323,   1.019655,   0.083562,   0.000671
    8339,   1.015260,   0.092962,   0.002136
    8354,   1.006958,   0.092840,   0.002136
    8370,   0.998413,   0.088934,  -0.000183
    8386,   1.002686,   0.088445,  -0.001404
    8401,   1.007935,   0.093451,  -0.003235
    8417,   1.004761,   0.082097,  -0.002136
    8433,   1.008179,   0.094061,  -0.004212
    8448,   1.005738,   0.083440,  -0.002747
    8464,   1.013917,   0.082341,   0.000916
    8479,   1.013306,   0.090765,   0.001038
    8495,   1.014771,   0.089178,   0.002014
    8511,   1.014039,   0.105170,   0.004944
    8526,   1.002930,   0.084539,   0.006897
    8542,   1.010499,   0.090276,  -0.002380
    8558,   1.019410,   0.088323,  -0.001404
    8573,   1.012208,   0.079534,   0.004334
    8589,   1.011475,   0.090521,   0.003113
    8604,   1.005005,   0.094061,   0.001526
    8620,   1.012452,   0.084295,   0.001892
    8636,   1.011842,   0.080754,   0.000549
    8651,   1.017579,   0.085882,  -0.001160
    8667,   1.009522,   0.084417,   0.001892
    8682,   1.019410,   0.083684,   0.007264
    8698,   1.015870,   0.089910,   0.006531
    8714,   1.018312,   0.083684,   0.003845
    8729,   1.007081,   0.100287,  -0.001282
    8745,   1.003540,   0.101996,  -0.003845
    8761,   0.988891,   0.091619,  -0.005310
    8776,   1.006348,   0.098700,  -0.010804
    8792,   1.002808,   0.097235,  -0.004944
    8808,   1.013917,   0.091009,  -0.001892
    8823,   1.013673,   0.102362,  -0.001160
    8839,   1.002075,   0.096380,  -0.003357
    8854,   1.004029,   0.092230,  -0.001038
    8870,   1.001831,   0.086614,   0.000671
    8886,   1.018678,   0.092718,   0.000427
    8901,   1.019288,   0.090032,   0.007630
    8917,   1.019532,   0.088812,   0.006531
    8933,   1.020631,   0.095404,   0.002258
    8948,   1.008179,   0.091253,   0.005188
    8964,   1.002564,   0.094549,   0.000183
    8979,   0.994018,   0.089910,  -0.003235
    8995,   0.998169,   0.082586,  -0.002869
    9010,   1.016969,   0.092840,  -0.000794
    9026,   1.025514,   0.103949,   0.002503
    9042,   1.016114,   0.108832,   0.004578
    9057,   0.991455,   0.105658,   0.003845
    9073,   0.981078,   0.093084,  -0.007386
    9089,   0.995483,   0.071599,  -0.011658
    9104,   1.018556,   0.043765,  -0.000061
    9120,   1.046756,   0.075749,   0.010560
    9136,   1.037966,   0.092230,   0.019227
    9151,   1.014283,   0.115547,   0.019471
    9167,   1.000732,   0.117622,   0.002747
    9182,   0.987670,   0.106147,  -0.004334
    9198,   1.000366,   0.089178,  -0.014955
    9214,   1.011842,   0.093573,  -0.005921
    9229,   1.019166,   0.094183,   0.005188
    9245,   1.011719,   0.098944,   0.008484
    9261,   1.006714,   0.089056,   0.011048
    9276,   1.009888,   0.092352,   0.004944
    9292,   1.011231,   0.094916,   0.000183
    9307,   1.009278,   0.077214,   0.001404
    9323,   1.014527,   0.075261,   0.005188
    9338,   1.015260,   0.088201,   0.002380
    9354,   1.006226,   0.082219,   0.007020
    9370,   1.010621,   0.085882,   0.005677
    9386,   1.012818,   0.093939,   0.005921
    9401,   1.016114,   0.093817,   0.004944
    9417,   1.023927,   0.095526,   0.007142
    9432,   1.020509,   0.100653,   0.002625
    9448,   1.005249,   0.100409,   0.004578
    9463,   0.995605,   0.084295,   0.002503
    9479,   1.004761,   0.093573,  -0.002258
    9495,   1.010377,   0.084905,  -0.004578
    9510,   1.018678,   0.083562,  -0.000549
    9526,   1.030764,   0.096258,  -0.002503
    9542,   1.009644,   0.085149,   0.004700
    9557,   0.997558,   0.077214,   0.003845
    9573,   1.007203,   0.086126,  -0.003601
    9589,   1.010010,   0.082830,  -0.003845
    9604,   1.010377,   0.087835,  -0.000794
    9620,   1.017579,   0.100775,  -0.002991
    9635,   1.001343,   0.105658,   0.002869
    9651,   1.003662,   0.113715,  -0.004578
    9666,   0.995361,   0.112861,  -0.006897
    9682,   0.996216,   0.090643,  -0.010926
    9698,   1.002564,   0.096624,  -0.006531
    9714,   1.011842,   0.101019,  -0.002869
    9729,   1.021119,   0.101752,  -0.000671
    9745,   1.022584,   0.104926,  -0.001648
    9760,   1.014527,   0.114326,  -0.004456
    9776,   1.014283,   0.098089,  -0.005066
    9792,   1.000610,   0.092840,  -0.004456
    9807,   0.999268,   0.092840,  -0.003357
    9823,   1.005005,   0.108222,  -0.007142
    9838,   1.004395,   0.123970,  -0.008729
    9854,   0.993896,   0.129952,  -0.002747
    9870,   1.010377,   0.143380,  -0.005799
    9886,   1.009644,   0.122261,  -0.003845
    9901,   1.015992,   0.133858,  -0.003723
    9917,   1.019288,   0.117744,  -0.005188
    9932,   1.012574,   0.108100,  -0.005310
    9948,   1.003662,   0.110053,  -0.013734
    9963,   0.990112,   0.102606,  -0.014466
    9979,   0.996094,   0.101264,  -0.015443
    9995,   1.005127,   0.092596,  -0.013123
   10010,   1.021486,   0.098822,  -0.008606
   10026,   1.020631,   0.099921,  -0.000183
   10042,   1.017701,   0.105658,   0.000916
   10057,   1.008667,   0.114448,  -0.002503
   10073,   1.001465,   0.114204,  -0.006897
   10088,   1.003784,   0.113593,  -0.011170
   10104,   1.001587,   0.125557,  -0.014710
   10120,   1.000977,   0.119819,  -0.012513
   10135,   0.997681,   0.124092,  -0.007752
   10151,   1.012208,   0.117744,  -0.008240
   10166,   1.011964,   0.120796,  -0.007752
   10182,   1.010621,   0.116035,  -0.007508
   10198,   1.006348,   0.111152,  -0.005188
   10213,   1.002808,   0.115058,  -0.005799
   10229,   1.006592,   0.113227,  -0.005555
   10245,   1.016358,   0.108100,  -0.007996
   10260,   1.026735,   0.108954,  -0.005310
   10276,   1.026125,   0.124214,  -0.002503
   10292,   1.019777,   0.114570,  -0.002625
   10307,   1.009644,   0.135079,  -0.001526
   10323,   1.003662,   0.157541,  -0.006287
   10338,   0.993896,   0.159495,  -0.010438
   10354,   0.986571,   0.153269,  -0.012635
   10370,   0.991699,   0.157663,  -0.018617
   10385,   0.989257,   0.176952,  -0.015931
   10401,   0.999390,   0.191357,  -0.013978
   10417,   0.983153,   0.227126,  -0.011781
   10432,   0.975096,   0.230544,  -0.013123
   10448,   0.961423,   0.237258,  -0.017396
   10463,   0.954343,   0.230300,  -0.030092
   10479,   0.938595,   0.203076,  -0.018617
   10494,   0.959592,   0.197583,  -0.015687
   10510,   0.962522,   0.228835,  -0.002136
   10526,   0.962034,   0.239578,  -0.002747
   10541,   0.959348,   0.294024,  -0.004456
   10557,   0.978270,   0.306965,  -0.007386
   10573,   0.970335,   0.312092,   0.010193
   10588,   0.991821,   0.316365,   0.019716
   10604,   0.985351,   0.354819,   0.032534
   10620,   0.991088,   0.357749,   0.030825
   10635,   0.974974,   0.357749,   0.043765
   10651,   0.985839,   0.387780,   0.049380
   10666,   0.978636,   0.453336,   0.043521
   10682,   0.933956,   0.469450,   0.052677
   10698,   0.892572,   0.481902,   0.046573
   10713,   0.836660,   0.499115,   0.034975
   10729,   0.801624,   0.521699,   0.021425
   10745,   0.799060,   0.507905,   0.021425
   10760,   0.803699,   0.540011,   0.012269
   10776,   0.809681,   0.590917,   0.013734
   10791,   0.806141,   0.622902,   0.018495
   10807,   0.766832,   0.648538,   0.017152
   10822,   0.723128,   0.631936,   0.013001
   10838,   0.673320,   0.595190,   0.001892
   10854,   0.680889,   0.627907,  -0.001404
   10870,   0.701764,   0.667460,   0.019471
   10885,   0.703107,   0.721174,   0.040225
   10901,   0.681865,   0.752060,   0.060367
   10916,   0.652567,   0.742294,   0.063297
   10932,   0.565769,   0.709333,   0.068180
   10948,   0.601294,   0.797961,   0.064640
   10963,   0.577611,   0.835683,   0.122261
   10979,   0.619972,   0.788073,   0.094793
   10994,   0.604468,   0.875237,   0.136056
   11010,   0.494964,   0.923823,   0.127022
   11026,   0.519502,   0.859611,   0.107245
   11041,   0.548923,   0.984130,   0.110175
   11057,   0.508637,   0.920161,   0.109321
   11073,   0.586034,   0.885003,   0.112983
   11088,   0.578465,   0.863639,   0.131539
   11104,   0.552219,   0.836294,   0.123726
   11119,   0.472380,   0.773546,   0.136300
   11135,   0.387170,   0.721174,   0.123726
   11151,   0.453702,   0.835927,   0.122505
   11166,   0.514863,   0.923701,   0.133370
   11182,   0.524873,   0.896112,   0.156931
   11198,   0.519746,   0.874504,   0.193066
   11213,   0.433559,   0.892327,   0.192700
   11229,   0.404261,   0.911860,   0.196606
   11244,   0.427455,   1.021363,   0.202344
   11260,   0.427211,   1.020997,   0.211622
   11276,   0.369102,   0.959958,   0.223708
   11291,   0.365074,   0.977782,   0.197217
   11307,   0.341757,   0.950559,   0.197827
   11322,   0.270707,   0.941891,   0.184765
   11338,   0.291827,   1.003784,   0.185253
   11354,   0.297687,   0.988769,   0.171214
   11369,   0.316242,   0.964475,   0.164134
   11385,   0.314655,   0.991333,   0.174999
   11401,   0.259598,   0.940426,   0.169017
   11416,   0.240188,   0.918208,   0.169261
   11432,   0.178295,   0.913569,   0.163645
   11448,   0.228957,   0.894037,   0.152170
   11463,   0.270707,   0.935299,   0.162913
   11479,   0.328572,   0.883172,   0.170237
   11494,   0.313801,   0.986938,   0.211133
   11510,   0.231643,   0.896844,   0.242996
   11526,   0.295123,   1.009156,   0.235427
   11541,   0.200635,   0.984862,   0.227736
   11557,   0.157908,   0.982909,   0.212232
   11572,   0.089544,   0.924312,   0.251541
   11588,   0.209669,   1.092047,   0.197461
   11604,   0.114082,   1.056400,   0.208082
   11619,   0.122261,   1.002075,   0.203687
   11635,   0.130806,   1.009034,   0.192944
   11650,   0.158396,   1.020875,   0.208570
   11666,   0.148019,   1.010865,   0.199292
   11682,   0.137154,   0.992919,   0.203687
   11697,   0.112006,   0.947507,   0.198437
   11713,   0.094061,   0.950681,   0.174999
   11729,   0.071599,   0.915156,   0.181469
   11744,   0.199048,   0.990722,   0.172801
   11760,   0.146310,   0.999878,   0.204785
   11775,   0.153879,   0.988769,   0.221388
   11791,   0.158274,   0.989623,   0.216505
   11807,   0.193188,   0.984130,   0.194531
   11822,   0.123726,   0.990356,   0.195019
   11838,   0.022279,   0.894037,   0.183178
   11853,   0.065495,   0.942868,   0.169383
   11869,   0.022768,   0.990112,   0.176708
   11885,  -0.015077,   0.977416,   0.195996
   11900,   0.009705,   0.982543,   0.177684
   11916,   0.071843,   0.991455,   0.182567
   11932,   0.027529,   0.998169,   0.202344
   11947,   0.042544,   1.049320,   0.229445
   11963,   0.080266,   1.068730,   0.258500
   11978,   0.074284,   1.029054,   0.256302
   11994,   0.037295,   0.967039,   0.242385
   12010,   0.029848,   0.954587,   0.210401
   12026,  -0.009705,   0.784777,   0.290362
   12041,  -0.031435,   0.791491,   0.175731
   12057,  -0.002747,   0.866935,   0.230788
   12072,  -0.001770,   0.955075,   0.219923
   12088,  -0.062931,   1.197400,   0.490325
   12104,  -0.092962,   0.707990,   0.337362
   12119,  -0.166209,   1.352438,   0.359946
   12135,  -0.079900,   0.907953,   0.218458
   12150,  -0.042056,   0.895868,   0.196362
   12166,  -0.018617,   0.937496,   0.215284
   12182,  -0.023622,   1.002320,   0.215284
   12197,  -0.055240,   0.973753,   0.219313
   12213,  -0.032412,   1.075078,   0.210157
   12229,  -0.029116,   1.089849,   0.239089
   12244,  -0.006165,   1.107184,   0.232985
   12260,   0.073796,   0.943112,   0.268998
   12275,   0.002258,   0.890252,   0.232375
   12291,  -0.080266,   0.813343,   0.202710
   12306,  -0.131905,   0.614723,   0.088079
   12322,   0.405359,   1.961362,  -0.017152
   12338,   0.068303,   0.954587,   0.207593
   12354,  -0.029848,   0.998413,   0.207471
   12369,   0.028627,   0.981444,   0.230910
   12385,   0.021913,   0.987182,   0.192089
   12400,  -0.003235,   0.985351,   0.212721
   12416,  -0.001282,   0.989135,   0.213087
   12432,  -0.007386,   0.985595,   0.217237
   12447,  -0.014100,   0.985229,   0.219069
   12463,  -0.019838,   0.987426,   0.216749
   12478,   0.023256,   0.990966,   0.205030
   12494,  -0.001282,   0.984740,   0.212721
   12510,  -0.000916,   0.987670,   0.208448
   12525,  -0.023988,   0.994262,   0.174999
   12541,  -0.059757,   1.040896,  -0.051090
   12557,   0.012269,   0.999634,   0.138619
   12572,   0.039492,   0.939327,   0.389489
   12588,   0.040713,   0.963133,   0.354819
   12603,   0.009339,   0.981444,   0.219069
   12619,  -0.000549,   0.987426,   0.212598
   12635,  -0.002503,   0.985595,   0.214430
   12650,  -0.000794,   0.986205,   0.214796
   12666,  -0.001648,   0.984374,   0.212354
   12682,  -0.001648,   0.986816,   0.213697
   12697,   0.000305,   0.985595,   0.213941
   12713,   0.000305,   0.985351,   0.214185
   12728,  -0.001770,   0.986816,   0.214308
   12744,  -0.002380,   0.984618,   0.213819
   12760,   0.000061,   0.986694,   0.213575
   12775,   0.000671,   0.985839,   0.214552
   12791,   0.000061,   0.987182,   0.213941
   12806,  -0.000427,   0.982909,   0.214674
   12822,  -0.000427,   0.984862,   0.213209
   12838,   0.000305,   0.989379,   0.213697
   12853,  -0.000794,   0.985473,   0.214430
   12869,   0.000671,   0.986571,   0.214674
   12888,  -0.000671,   0.987304,   0.212110
   12904,  -0.000549,   0.984740,   0.214063
   12920,   0.000549,   0.987060,   0.214674
   12935,  -0.000916,   0.987792,   0.213941
   12951,   0.001404,   0.984374,   0.217359
   12966,  -0.000183,   0.984984,   0.215040
   12982,  -0.002136,   0.986083,   0.213087
   12998,  -0.000671,   0.987060,   0.212721
   13013,   0.000549,   0.986816,   0.213331
   13029,  -0.001526,   0.984374,   0.213697
   13045,  -0.001892,   0.987182,   0.213697
   13060,  -0.000671,   0.984496,   0.213941
   13076,  -0.001038,   0.986938,   0.215772
   13091,  -0.001038,   0.986694,   0.212232
   13113,  -0.001770,   0.985351,   0.212232
   13129,  -0.002014,   0.984252,   0.213697
   13144,  -0.000671,   0.984252,   0.213819
   13160,   0.000061,   0.987914,   0.216261
   13175,   0.000427,   0.982665,   0.212354
   13191,  -0.000549,   0.987914,   0.213697
   13207,  -0.001160,   0.985351,   0.212843
   13222,  -0.001282,   0.985351,   0.215772
   13238,   0.001038,   0.985961,   0.212110
   13254,  -0.000183,   0.987304,   0.215895
   13269,   0.000793,   0.984130,   0.214552
   13285,   0.000305,   0.984374,   0.214674
   13300,  -0.001526,   0.986938,   0.214918
   13316,  -0.002747,   0.984252,   0.213209
   13332,  -0.004578,   0.986816,   0.213331
   13347,  -0.002136,   0.985351,   0.212232
   13363,  -0.001038,   0.985351,   0.210889
   13378,  -0.000427,   0.985595,   0.216261
   13394,   0.001038,   0.986327,   0.213331
   13410,  -0.000427,   0.983275,   0.215040
   13425,  -0.000061,   0.987182,   0.216505
   13441,  -0.000183,   0.985717,   0.211988
   13457,   0.000061,   0.985595,   0.213453
   13472,  -0.000916,   0.986571,   0.211744
   13488,  -0.001038,   0.984862,   0.213331
   13504,  -0.001770,   0.987548,   0.214063
   13519,  -0.000305,   0.985106,   0.212721
   13535,  -0.001648,   0.984740,   0.213575
   13550,   0.000183,   0.985351,   0.214308
   13566,  -0.001282,   0.985106,   0.212476
   13582,  -0.001404,   0.986083,   0.211622
   13597,   0.000061,   0.986205,   0.214185
   13613,  -0.001404,   0.984618,   0.212965
   13628,  -0.001526,   0.987060,   0.213575
   13644,   0.000061,   0.984984,   0.214063
   13660,  -0.000183,   0.985106,   0.214308
   13675,   0.000793,   0.986449,   0.215895
   13691,   0.000793,   0.985106,   0.212843
   13706,  -0.000061,   0.987426,   0.213453
   13722,  -0.001648,   0.984130,   0.211988
   13738,  -0.002014,   0.987548,   0.215772
   13753,  -0.001038,   0.983275,   0.215528
   13769,  -0.002380,   0.989257,   0.212476
   13785,  -0.001404,   0.983886,   0.212843
   13800,  -0.000794,   0.983886,   0.215040
   13816,  -0.001038,   0.987304,   0.213331
   13832,  -0.001648,   0.985106,   0.214063
   13847,  -0.000671,   0.985473,   0.213087
