      39,   0.350098,   0.353516,   0.135254
      54,   0.334961,   0.391602,   0.163574
      70,   0.307129,   0.422363,   0.189453
      86,   0.277344,   0.446289,   0.213379
     101,   0.247070,   0.462402,   0.234375
     123,   0.219727,   0.473633,   0.253906
     139,   0.194824,   0.476074,   0.271484
     155,   0.174316,   0.472656,   0.285156
     170,   0.160156,   0.463379,   0.294922
     186,   0.144043,   0.447754,   0.304688
     201,   0.126465,   0.427734,   0.312988
     223,   0.111816,   0.401367,   0.319336
     239,   0.103516,   0.376465,   0.324219
     255,   0.096680,   0.347656,   0.327637
     270,   0.084961,   0.316895,   0.329590
     286,   0.071777,   0.287109,   0.331543
     302,   0.056641,   0.258301,   0.333496
     324,   0.037109,   0.229492,   0.333008
     339,   0.018066,   0.203125,   0.330078
     355,  -0.003908,   0.162598,   0.321777
     370,  -0.019541,   0.125977,   0.298340
     386,  -0.010259,   0.127930,   0.262695
     402,  -0.010747,   0.139648,   0.225098
     424,  -0.079140,   0.132324,   0.199707
     439,  -0.150464,   0.120117,   0.195801
     455,  -0.086957,   0.117188,   0.184082
     471,   0.001465,   0.111816,   0.159180
     486,   0.087891,   0.086426,   0.118164
     502,   0.089844,   0.039551,   0.064453
     524,   0.042480,  -0.002931,   0.014160
     540,  -0.000489,  -0.037128,  -0.015144
     555,   0.004395,  -0.062042,  -0.006839
     571,   0.033691,  -0.058622,   0.021484
     586,   0.067383,  -0.034196,   0.046387
     602,   0.101562,  -0.011724,   0.047852
     624,   0.125000,   0.010254,   0.033203
     640,   0.203125,   0.041992,   0.004395
     655,   0.239746,   0.048340,  -0.024426
     671,   0.162598,   0.036133,  -0.033708
     686,   0.050293,   0.024414,  -0.011724
     702,   0.021484,   0.037109,   0.032715
     724,   0.039551,   0.068848,   0.094727
     740,   0.095703,   0.100098,   0.152832
     756,   0.118164,   0.112793,   0.166992
     771,   0.155762,   0.136230,   0.151855
     787,   0.174805,   0.163574,   0.118164
     803,   0.121094,   0.155762,   0.091797
     825,   0.077148,   0.116211,   0.071777
     840,   0.053711,   0.070312,   0.057129
     856,   0.089355,   0.072754,   0.044434
     871,   0.133789,   0.108398,   0.015137
     887,   0.149902,   0.145508,  -0.024915
     903,   0.122559,   0.147949,  -0.056668
     925,   0.066895,   0.135254,  -0.068881
     940,  -0.038593,   0.119629,  -0.044455
     956,  -0.003908,   0.111816,  -0.031265
     971,   0.046875,   0.102539,  -0.035662
     987,   0.085938,   0.077637,  -0.050806
    1003,   0.068848,   0.000000,  -0.060576
    1025,   0.064453,  -0.014656,  -0.057157
    1040,   0.022949,  -0.079629,  -0.025403
    1056,  -0.024915,  -0.102101,   0.012695
    1072,  -0.042013,  -0.083048,   0.047363
    1087,  -0.030777,  -0.033219,   0.071777
    1103,  -0.027357,   0.020996,   0.077637
    1125,  -0.011724,   0.052246,   0.061523
    1141,  -0.012213,   0.026855,   0.018555
    1156,  -0.019052,  -0.006839,  -0.006351
    1172,  -0.026869,  -0.020518,  -0.011724
    1188,  -0.021495,  -0.013190,   0.000000
    1203,  -0.004397,   0.018066,   0.021973
    1226,   0.004395,   0.054688,   0.043945
    1241,  -0.018075,   0.074219,   0.055176
    1257,  -0.034685,   0.070312,   0.049805
    1273,  -0.044944,   0.058105,   0.042969
    1288,  -0.037128,   0.041504,   0.042480
    1304,  -0.013679,   0.025391,   0.047363
    1326,   0.018066,   0.018555,   0.049805
    1341,   0.033691,   0.029785,   0.048828
    1357,   0.027832,   0.036133,   0.048828
    1373,   0.020996,   0.037598,   0.049316
    1388,   0.001953,   0.036133,   0.053223
    1404,   0.001465,   0.038086,   0.054688
    1426,   0.004883,   0.043457,   0.040527
    1441,   0.011719,   0.038086,   0.002930
    1457,   0.022461,   0.026367,  -0.011236
    1473,   0.015137,   0.005371,  -0.016121
    1488,   0.013184,  -0.008305,  -0.001466
    1504,   0.015137,  -0.009282,   0.025879
    1526,  -0.008305,   0.004395,   0.045898
    1541,  -0.014656,   0.032715,   0.048340
    1557,  -0.002931,   0.042969,   0.040527
    1573,   0.003418,   0.039062,   0.030762
    1588,   0.015137,   0.021973,   0.032715
    1604,   0.017578,   0.007812,   0.041504
    1626,   0.001465,   0.000000,   0.048828
    1642,  -0.009770,   0.003906,   0.048340
    1657,  -0.011724,   0.014160,   0.036133
    1673,  -0.017587,   0.014648,   0.016602
    1688,  -0.002443,   0.008789,   0.000000
    1704,   0.009277,  -0.000977,  -0.017098
    1726,   0.009277,  -0.007328,  -0.028823
    1742,   0.012695,  -0.019052,  -0.029311
    1757,  -0.004885,  -0.034196,  -0.019052
    1773,  -0.010259,  -0.041036,  -0.008793
    1789,   0.008301,  -0.049829,  -0.004397
    1804,   0.017090,  -0.072301,  -0.015633
    1826,   0.029297,  -0.127015,  -0.036639
    1842,   0.036621,  -0.291158,  -0.068881
    1858,  -0.003420,  -0.395213,  -0.072301
    1873,  -0.028823,  -0.441622,  -0.058622
    1889,  -0.024915,  -0.416707,  -0.040059
    1904,   0.014160,  -0.324377,  -0.016121
    1927,   0.059082,  -0.203224,  -0.003908
    1942,   0.077148,   0.016602,   0.010254
    1958,   0.045410,   0.099609,   0.020020
    1973,   0.013184,   0.123535,   0.039062
    1989,   0.019043,   0.108398,   0.055176
    2005,   0.027832,   0.054688,   0.064941
    2027,   0.012695,  -0.007816,   0.069336
    2042,   0.028320,  -0.046898,   0.073730
    2058,   0.036133,  -0.038105,   0.065430
    2073,   0.029297,  -0.024915,   0.052734
    2089,   0.018555,  -0.001466,   0.030762
    2105,   0.006348,   0.024414,   0.009277
    2126,  -0.011236,   0.045410,  -0.007328
    2142,  -0.017587,   0.050293,  -0.012702
    2158,  -0.005862,   0.039551,  -0.006351
    2173,   0.005371,   0.028320,  -0.000489
    2189,   0.013672,   0.018555,   0.002441
    2205,   0.010254,   0.016602,   0.001465
    2227,   0.001465,   0.018066,  -0.009282
    2242,  -0.010747,   0.013672,  -0.030288
    2258,  -0.015144,   0.014160,  -0.037616
    2273,  -0.019541,   0.022949,  -0.033708
    2289,  -0.024426,   0.032715,  -0.023937
    2305,  -0.027846,   0.041016,  -0.015144
    2327,  -0.031754,   0.047363,  -0.004885
    2342,  -0.043478,   0.037109,  -0.001466
    2358,  -0.062531,   0.014160,  -0.008793
    2373,  -0.090865,  -0.010259,  -0.022472
    2389,  -0.103566,  -0.031754,  -0.044944
    2405,  -0.102101,  -0.054714,  -0.081583
    2427,  -0.088422,  -0.053737,  -0.105032
    2442,  -0.069370,  -0.035173,  -0.081094
    2458,  -0.044455,  -0.023449,  -0.035662
    2473,  -0.025892,  -0.023937,  -0.001954
    2489,  -0.027846,  -0.034196,   0.001465
    2505,  -0.034196,  -0.041524,  -0.008305
    2527,  -0.025892,  -0.039082,  -0.021983
    2542,  -0.022960,  -0.019541,  -0.022960
    2558,  -0.006839,   0.000000,  -0.014167
    2573,   0.008301,   0.011230,  -0.006839
    2589,   0.004883,   0.012207,  -0.002931
    2605,  -0.014656,   0.007324,   0.004395
    2627,  -0.030777,   0.008301,   0.015625
    2642,  -0.008793,   0.008301,   0.023926
    2658,   0.011230,  -0.007816,   0.027344
    2673,   0.033203,  -0.024915,   0.024902
    2689,   0.037109,  -0.037616,   0.023438
    2705,   0.031250,  -0.040059,   0.032715
    2726,   0.009277,  -0.024915,   0.055664
    2742,   0.025391,   0.013184,   0.080566
    2758,   0.016113,   0.043945,   0.105469
    2773,   0.031250,   0.061523,   0.134766
    2789,   0.058105,   0.071777,   0.160645
    2804,   0.053223,   0.069336,   0.201660
    2826,   0.067383,   0.042969,   0.246582
    2842,   0.189941,   0.017090,   0.283203
    2858,   0.252441,   0.011230,   0.280762
    2873,   0.279297,   0.010742,   0.255371
    2889,   0.267578,   0.018066,   0.206055
    2905,   0.245117,   0.037109,   0.165527
    2927,   0.194824,   0.084961,   0.127441
    2942,   0.131348,   0.195801,   0.084961
    2958,   0.170410,   0.267578,   0.044922
    2973,   0.200684,   0.318359,   0.011230
    2989,   0.159668,   0.378906,  -0.041524
    3004,   0.086914,   0.366699,  -0.047875
    3027,  -0.027357,   0.318359,  -0.017587
    3042,  -0.070835,   0.227051,   0.123535
    3058,  -0.022472,   0.176270,   0.204102
    3074,  -0.022960,   0.106934,   0.271973
    3089,  -0.043967,   0.063477,   0.263672
    3105,  -0.067416,   0.046875,   0.217773
    3127,  -0.079629,   0.043457,   0.119141
    3142,  -0.131900,   0.027344,  -0.038105
    3158,  -0.206155,  -0.011236,  -0.109917
    3174,  -0.225696,  -0.066439,  -0.158769
    3189,  -0.255984,  -0.141671,  -0.200782
    3205,  -0.280410,  -0.195408,  -0.228627
    3227,  -0.320469,  -0.272594,  -0.265266
    3242,  -0.338544,  -0.347826,  -0.290181
    3258,  -0.328774,  -0.376649,  -0.287738
    3274,  -0.294089,  -0.391793,  -0.275525
    3289,  -0.250122,  -0.377626,  -0.257450
    3305,  -0.229604,  -0.346361,  -0.237909
    3327,  -0.210064,  -0.282853,  -0.200293
    3342,  -0.178798,  -0.170005,  -0.134343
    3358,  -0.162189,  -0.111383,  -0.108451
    3374,  -0.126527,  -0.067904,  -0.094773
    3389,  -0.068881,  -0.025892,  -0.082071
    3405,  -0.020029,   0.000000,  -0.076209
    3427,   0.041016,   0.018555,  -0.085491
    3442,   0.075195,   0.005371,  -0.113337
    3458,   0.074707,  -0.023937,  -0.130435
    3474,   0.053711,  -0.045921,  -0.133366
    3489,   0.050781,  -0.035173,  -0.125061
    3505,   0.068848,   0.006348,  -0.111871
    3527,   0.089844,   0.089844,  -0.086957
    3542,   0.057617,   0.161621,  -0.034196
    3558,   0.034668,   0.132324,   0.022461
    3574,  -0.004397,   0.051270,   0.091309
    3589,  -0.047875,  -0.026869,   0.141602
    3605,  -0.095750,  -0.107963,   0.199707
    3627,  -0.069858,  -0.127015,   0.241211
    3642,   0.029785,  -0.067904,   0.263184
    3658,   0.085449,  -0.006839,   0.259766
    3673,   0.106445,   0.036621,   0.231445
    3689,   0.096191,   0.054199,   0.200195
    3705,   0.070801,   0.052246,   0.159180
    3727,   0.035645,   0.029297,   0.131348
    3742,  -0.020029,  -0.009770,   0.127930
    3758,  -0.022960,  -0.011236,   0.138184
    3773,  -0.018075,   0.006836,   0.132324
    3789,  -0.010259,   0.029785,   0.115723
    3805,  -0.000489,   0.059082,   0.074707
    3827,   0.007812,   0.068848,   0.014648
    3842,   0.055176,   0.039551,  -0.079140
    3858,   0.042480,  -0.010259,  -0.124084
    3873,  -0.014167,  -0.068393,  -0.127504
    3889,  -0.050806,  -0.107474,  -0.107474
    3905,  -0.059599,  -0.135808,  -0.067416
    3927,  -0.026380,  -0.118710,  -0.045921
    3942,   0.020996,  -0.036150,  -0.092819
    3958,   0.067871,   0.002441,  -0.156326
    3973,   0.144043,   0.010254,  -0.213483
    3989,   0.170410,  -0.030288,  -0.218857
    4005,   0.169434,  -0.081094,  -0.177821
    4026,   0.150879,  -0.143136,  -0.084025
    4042,   0.114258,  -0.194919,   0.070801
    4058,   0.112305,  -0.208109,   0.114746
    4073,   0.126953,  -0.208109,   0.102051
    4089,   0.117676,  -0.201270,   0.063477
    4105,   0.090332,  -0.185638,   0.020508
    4127,   0.037109,  -0.148999,   0.007324
    4142,   0.000977,  -0.081094,   0.037109
    4158,  -0.036639,  -0.042013,   0.089355
    4173,  -0.069370,   0.036133,   0.166992
    4189,  -0.065462,   0.056641,   0.197754
    4205,  -0.127504,   0.065918,   0.212891
    4227,  -0.148999,   0.065430,   0.193848
    4242,  -0.132877,   0.034180,   0.107422
    4258,  -0.065462,   0.001953,   0.033203
    4273,  -0.020518,  -0.031265,  -0.021983
    4289,  -0.040059,  -0.046898,  -0.085002
    4305,   0.020996,  -0.047875,  -0.106497
    4327,   0.050781,  -0.042013,  -0.089888
    4342,   0.052246,   0.001953,  -0.011236
    4358,   0.046387,   0.043457,   0.031738
    4373,   0.023438,   0.078125,   0.037598
    4389,  -0.005862,   0.096680,   0.027344
    4405,  -0.004885,   0.107422,   0.022949
    4427,   0.004883,   0.125000,   0.033203
    4442,   0.017578,   0.150391,   0.059082
    4458,   0.016113,   0.166504,   0.069336
    4473,   0.000000,   0.173828,   0.061523
    4489,  -0.015144,   0.177246,   0.038574
    4505,  -0.023449,   0.175293,   0.011719
    4526,  -0.028334,   0.170410,  -0.032731
    4542,  -0.083048,   0.151855,  -0.102101
    4558,  -0.107474,   0.127441,  -0.118222
    4573,  -0.109917,   0.106934,  -0.102589
    4589,  -0.086468,   0.104492,  -0.084514
    4604,   0.002930,   0.144043,  -0.083048
    4627,   0.108398,   0.223145,  -0.130435
    4642,   0.108887,   0.293457,  -0.274548
    4658,   0.055176,   0.263184,  -0.359062
    4674,  -0.012213,   0.191406,  -0.359551
    4689,  -0.050806,   0.122070,  -0.287250
    4705,  -0.055691,   0.105957,  -0.240840
    4727,  -0.066927,   0.135742,  -0.216903
    4742,  -0.026869,   0.234863,  -0.238886
    4758,  -0.018075,   0.243164,  -0.212995
    4774,  -0.064485,   0.200195,  -0.139717
    4789,  -0.079629,   0.177246,  -0.045921
    4805,  -0.054226,   0.187500,   0.025391
    4827,  -0.040059,   0.207520,   0.107910
    4842,  -0.078163,   0.183594,   0.180664
    4858,  -0.038105,   0.091797,   0.126465
    4874,  -0.009770,  -0.072789,  -0.011724
    4889,  -0.073766,  -0.211529,  -0.141671
    4905,  -0.061553,  -0.240840,  -0.192965
    4927,   0.008301,  -0.199316,  -0.186615
    4942,   0.052734,  -0.081094,  -0.075721
    4958,   0.017578,  -0.034685,   0.000977
    4974,  -0.028334,  -0.031754,   0.045898
    4989,  -0.045432,  -0.044455,   0.060547
    5005,  -0.062531,  -0.061065,   0.070801
    5027,  -0.051295,  -0.068393,   0.082520
    5043,   0.003906,  -0.063508,   0.104980
    5058,   0.024902,  -0.057645,   0.107910
    5074,   0.034180,  -0.052272,   0.091797
    5090,   0.032715,  -0.054714,   0.069824
    5105,   0.017578,  -0.063019,   0.053223
    5127,   0.018066,  -0.065462,   0.041016
    5143,   0.036621,  -0.075721,   0.020508
    5158,   0.023926,  -0.097704,   0.006836
    5174,  -0.022472,  -0.115291,   0.001465
    5190,  -0.032242,  -0.117245,   0.011719
    5205,  -0.019541,  -0.107474,   0.032227
    5228,  -0.015633,  -0.096727,   0.045898
    5243,  -0.036150,  -0.084025,   0.053711
    5259,  -0.065462,  -0.069858,   0.055176
    5274,  -0.059599,  -0.049829,   0.054688
    5290,   0.001465,  -0.036150,   0.037598
    5305,   0.064941,  -0.056668,  -0.003420
    5328,   0.069336,  -0.087934,  -0.036639
    5344,   0.029785,  -0.154861,  -0.054226
    5359,  -0.055691,  -0.188080,  -0.003420
    5375,  -0.136786,  -0.178310,   0.083496
    5390,  -0.142648,  -0.114802,   0.169922
    5406,  -0.103566,  -0.024426,   0.222168
    5429,  -0.031754,   0.047852,   0.224121
    5444,   0.007324,   0.068848,   0.162598
    5460,   0.002930,   0.039062,   0.096680
    5475,  -0.011236,  -0.005374,   0.043457
    5491,  -0.012213,  -0.034685,   0.026367
    5507,   0.029297,  -0.033219,   0.051758
    5529,   0.065918,  -0.007328,   0.098633
    5544,   0.072266,   0.046387,   0.157227
    5560,   0.059082,   0.093262,   0.190918
    5576,   0.033691,   0.141113,   0.213867
    5591,   0.011230,   0.181641,   0.222656
    5607,  -0.019541,   0.209473,   0.219238
    5629,  -0.055691,   0.220215,   0.202637
    5645,  -0.083048,   0.228516,   0.137695
    5660,  -0.049829,   0.248047,   0.022949
    5676,   0.040527,   0.256836,  -0.134343
    5692,   0.137695,   0.223633,  -0.322912
    5707,   0.191406,   0.170898,  -0.487543
    5729,   0.266602,   0.107422,  -0.636541
    5745,   0.232422,   0.038086,  -0.870054
    5761,  -0.069858,   0.008789,   0.958008
    5776,  -0.436737,   0.042969,   0.946777
    5792,  -0.462140,   0.179199,  -0.782120
    5807,  -0.305325,   0.311523,  -0.340010
    5830,  -0.094284,   0.329102,   0.107910
    5845,  -0.530532,   0.144043,  -0.683439
    5861,  -0.953591,   0.272949,   0.272461
    5876,   0.028320,   0.500000,  -0.020518
    5892,   0.400391,   0.454102,   0.207520
    5908,   0.030273,   0.235840,   0.371094
    5930,  -0.086468,   0.041504,   0.420898
    5945,  -0.001466,  -0.083048,   0.320312
    5961,  -0.034685,  -0.129946,   0.225586
    5976,  -0.066927,  -0.155349,   0.163574
    5992,  -0.089399,  -0.148021,   0.102051
    6008,  -0.049829,  -0.077675,   0.056641
    6030,   0.036133,   0.018066,   0.022461
    6045,   0.090820,   0.072266,  -0.043967
    6061,   0.055176,   0.018066,  -0.086957
    6077,   0.003906,  -0.051783,  -0.103566
    6092,  -0.062531,  -0.143625,  -0.093307
    6108,  -0.083048,  -0.185149,  -0.054714
    6130,  -0.054714,  -0.146556,  -0.011724
    6145,   0.038086,  -0.024426,   0.018555
    6161,   0.042969,   0.005371,   0.011230
    6177,  -0.020029,  -0.002931,  -0.006839
    6192,  -0.090376,  -0.037616,  -0.007328
    6208,  -0.149487,  -0.067416,   0.012695
    6230,  -0.163654,  -0.070347,   0.036621
    6245,   0.008301,  -0.047875,   0.026367
    6261,   0.048340,  -0.058622,  -0.002931
    6277,   0.020020,  -0.088911,  -0.040547
    6292,  -0.016610,  -0.108940,  -0.047875
    6308,  -0.036150,  -0.109917,  -0.021983
    6330,  -0.040059,  -0.098192,   0.020020
    6346,  -0.049340,  -0.076698,   0.078125
    6361,  -0.052272,  -0.058622,   0.113770
    6377,  -0.049340,  -0.046898,   0.139648
    6393,  -0.040059,  -0.034685,   0.161133
    6408,  -0.013190,  -0.029311,   0.153809
    6430,   0.016113,  -0.036639,   0.119629
    6446,   0.052734,  -0.084514,   0.031250
    6462,   0.106934,  -0.157303,  -0.025892
    6477,   0.134766,  -0.251099,  -0.065462
    6493,   0.129883,  -0.319003,  -0.082560
    6508,   0.134766,  -0.361016,  -0.081583
    6531,   0.140137,  -0.335613,  -0.061553
    6546,   0.113770,  -0.198828,  -0.023449
    6562,   0.115234,  -0.095261,  -0.005862
    6578,   0.134766,  -0.023449,   0.006836
    6593,   0.135742,   0.001953,   0.012207
    6609,   0.141602,   0.005371,   0.013672
    6631,   0.128418,   0.016602,   0.015625
    6646,   0.059082,   0.073242,   0.062500
    6662,   0.014648,   0.166992,   0.175293
    6678,  -0.059111,   0.279297,   0.324707
    6693,  -0.144113,   0.349609,   0.451660
    6709,  -0.182706,   0.354004,   0.515137
    6731,  -0.248657,   0.255371,   0.567383
    6746,  -0.551050,  -0.095750,   0.646973
    6762,  -0.775281,  -0.314118,   0.728516
    6778,  -0.920860,  -0.436737,   0.792480
    6793,  -0.914509,  -0.459209,   0.811035
    6809,  -0.800195,  -0.409868,   0.790527
    6831,  -0.509038,  -0.336590,   0.702148
    6846,   0.206055,  -0.472887,   0.371582
    6862,   0.206055,  -0.472887,   0.371582
    6877,   0.206055,  -0.472887,   0.371582
    6893,   0.206055,  -0.472887,   0.371582
    6908,   0.206055,  -0.472887,   0.371582
    6931,   0.206055,  -0.472887,   0.371582
    6946,   0.206055,  -0.472887,   0.371582
    6974,   0.206055,  -0.472887,   0.371582
    6989,   0.206055,  -0.472887,   0.371582
    7005,   0.206055,  -0.472887,   0.371582
    7031,   0.206055,  -0.472887,   0.371582
    7046,   0.206055,  -0.472887,   0.371582
    7062,   0.206055,  -0.472887,   0.371582
    7078,   0.206055,  -0.472887,   0.371582
    7094,   0.206055,  -0.472887,   0.371582
    7109,   0.206055,  -0.472887,   0.371582
    7131,   0.206055,  -0.472887,   0.371582
    7161,   0.206055,  -0.472887,   0.371582
    7176,   0.206055,  -0.472887,   0.371582
    7192,   0.206055,  -0.472887,   0.371582
    7208,   0.206055,  -0.472887,   0.371582
    7231,   0.206055,  -0.472887,   0.371582
    7247,   0.206055,  -0.472887,   0.371582
    7262,   0.206055,  -0.472887,   0.371582
    7278,   0.206055,  -0.472887,   0.371582
    7294,   0.206055,  -0.472887,   0.371582
    7309,   0.206055,  -0.472887,   0.371582
    7331,   0.206055,  -0.472887,   0.371582
    7347,   0.206055,  -0.472887,   0.371582
    7363,   0.206055,  -0.472887,   0.371582
    7378,   0.206055,  -0.472887,   0.371582
    7394,   0.206055,  -0.472887,   0.371582
    7410,   0.206055,  -0.472887,   0.371582
    7432,   0.206055,  -0.472887,   0.371582
    7447,   0.206055,  -0.472887,   0.371582
    7463,   0.206055,  -0.472887,   0.371582
    7478,   0.206055,  -0.472887,   0.371582
    7494,   0.206055,  -0.472887,   0.371582
    7510,   0.206055,  -0.472887,   0.371582
    7532,   0.206055,  -0.472887,   0.371582
    7548,   0.206055,  -0.472887,   0.371582
    7563,   0.206055,  -0.472887,   0.371582
    7579,   0.206055,  -0.472887,   0.371582
    7595,   0.206055,  -0.472887,   0.371582
    7610,   0.206055,  -0.472887,   0.371582
    7632,   0.206055,  -0.472887,   0.371582
    7648,   0.206055,  -0.472887,   0.371582
    7663,   0.206055,  -0.472887,   0.371582
    7679,   0.206055,  -0.472887,   0.371582
    7695,   0.206055,  -0.472887,   0.371582
    7710,   0.206055,  -0.472887,   0.371582
    7732,   0.206055,  -0.472887,   0.371582
    7748,   0.206055,  -0.472887,   0.371582
    7764,   0.206055,  -0.472887,   0.371582
    7779,   0.206055,  -0.472887,   0.371582
    7795,   0.206055,  -0.472887,   0.371582
    7810,   0.206055,  -0.472887,   0.371582
    7833,   0.206055,  -0.472887,   0.371582
    7848,   0.206055,  -0.472887,   0.371582
    7864,   0.206055,  -0.472887,   0.371582
    7880,   0.206055,  -0.472887,   0.371582
    7895,   0.206055,  -0.472887,   0.371582
    7911,   0.206055,  -0.472887,   0.371582
    7933,   0.206055,  -0.472887,   0.371582
    7949,   0.206055,  -0.472887,   0.371582
    7964,   0.206055,  -0.472887,   0.371582
    7980,   0.206055,  -0.472887,   0.371582
    7996,   0.206055,  -0.472887,   0.371582
    8011,   0.206055,  -0.472887,   0.371582
    8033,   0.206055,  -0.472887,   0.371582
    8049,   0.206055,  -0.472887,   0.371582
    8065,   0.206055,  -0.472887,   0.371582
    8080,   0.206055,  -0.472887,   0.371582
    8096,   0.206055,  -0.472887,   0.371582
    8111,   0.206055,  -0.472887,   0.371582
    8133,   0.206055,  -0.472887,   0.371582
    8149,   0.206055,  -0.472887,   0.371582
    8165,   0.206055,  -0.472887,   0.371582
    8180,   0.206055,  -0.472887,   0.371582
    8196,   0.206055,  -0.472887,   0.371582
    8212,   0.206055,  -0.472887,   0.371582
    8234,   0.206055,  -0.472887,   0.371582
    8249,   0.206055,  -0.472887,   0.371582
    8265,   0.206055,  -0.472887,   0.371582
    8280,   0.206055,  -0.472887,   0.371582
    8296,   0.206055,  -0.472887,   0.371582
    8312,   0.206055,  -0.472887,   0.371582
    8334,   0.206055,  -0.472887,   0.371582
    8349,   0.206055,  -0.472887,   0.371582
    8365,   0.206055,  -0.472887,   0.371582
    8380,   0.206055,  -0.472887,   0.371582
    8396,   0.206055,  -0.472887,   0.371582
    8412,   0.206055,  -0.472887,   0.371582
    8434,   0.206055,  -0.472887,   0.371582
    8449,   0.206055,  -0.472887,   0.371582
    8465,   0.206055,  -0.472887,   0.371582
    8481,   0.206055,  -0.472887,   0.371582
    8496,   0.206055,  -0.472887,   0.371582
    8512,   0.206055,  -0.472887,   0.371582
    8534,   0.206055,  -0.472887,   0.371582
    8549,   0.206055,  -0.472887,   0.371582
    8565,   0.206055,  -0.472887,   0.371582
    8581,   0.206055,  -0.472887,   0.371582
    8596,   0.206055,  -0.472887,   0.371582
    8612,   0.206055,  -0.472887,   0.371582
    8634,   0.206055,  -0.472887,   0.371582
    8650,   0.206055,  -0.472887,   0.371582
    8665,   0.206055,  -0.472887,   0.371582
    8681,   0.206055,  -0.472887,   0.371582
    8696,   0.206055,  -0.472887,   0.371582
    8712,   0.206055,  -0.472887,   0.371582
    8734,   0.206055,  -0.472887,   0.371582
    8750,   0.206055,  -0.472887,   0.371582
    8765,   0.206055,  -0.472887,   0.371582
    8781,   0.206055,  -0.472887,   0.371582
    8797,   0.206055,  -0.472887,   0.371582
    8812,   0.206055,  -0.472887,   0.371582
    8834,   0.206055,  -0.472887,   0.371582
    8850,   0.206055,  -0.472887,   0.371582
    8865,   0.206055,  -0.472887,   0.371582
    8881,   0.206055,  -0.472887,   0.371582
    8897,   0.206055,  -0.472887,   0.371582
    8912,   0.206055,  -0.472887,   0.371582
    8934,   0.206055,  -0.472887,   0.371582
    8950,   0.206055,  -0.472887,   0.371582
    8966,   0.206055,  -0.472887,   0.371582
    8981,   0.206055,  -0.472887,   0.371582
    8997,   0.206055,  -0.472887,   0.371582
    9012,   0.206055,  -0.472887,   0.371582
    9034,   0.206055,  -0.472887,   0.371582
    9050,   0.206055,  -0.472887,   0.371582
    9066,   0.206055,  -0.472887,   0.371582
    9081,   0.206055,  -0.472887,   0.371582
    9097,   0.206055,  -0.472887,   0.371582
    9113,   0.206055,  -0.472887,   0.371582
    9134,   0.206055,  -0.472887,   0.371582
    9150,   0.206055,  -0.472887,   0.371582
    9166,   0.206055,  -0.472887,   0.371582
    9181,   0.206055,  -0.472887,   0.371582
    9197,   0.206055,  -0.472887,   0.371582
    9213,   0.206055,  -0.472887,   0.371582
    9234,   0.206055,  -0.472887,   0.371582
    9250,   0.206055,  -0.472887,   0.371582
    9266,   0.206055,  -0.472887,   0.371582
    9281,   0.206055,  -0.472887,   0.371582
    9297,   0.206055,  -0.472887,   0.371582
    9312,   0.206055,  -0.472887,   0.371582
    9334,   0.206055,  -0.472887,   0.371582
    9350,   0.206055,  -0.472887,   0.371582
    9366,   0.206055,  -0.472887,   0.371582
    9381,   0.206055,  -0.472887,   0.371582
    9397,   0.206055,  -0.472887,   0.371582
    9413,   0.206055,  -0.472887,   0.371582
    9434,   0.206055,  -0.472887,   0.371582
    9450,   0.206055,  -0.472887,   0.371582
    9466,   0.206055,  -0.472887,   0.371582
    9481,   0.206055,  -0.472887,   0.371582
    9497,   0.206055,  -0.472887,   0.371582
    9513,   0.206055,  -0.472887,   0.371582
    9534,   0.206055,  -0.472887,   0.371582
    9550,   0.206055,  -0.472887,   0.371582
    9566,   0.206055,  -0.472887,   0.371582
    9581,   0.206055,  -0.472887,   0.371582
    9597,   0.206055,  -0.472887,   0.371582
    9613,   0.206055,  -0.472887,   0.371582
    9634,   0.206055,  -0.472887,   0.371582
    9650,   0.206055,  -0.472887,   0.371582
    9666,   0.206055,  -0.472887,   0.371582
    9681,   0.206055,  -0.472887,   0.371582
    9697,   0.206055,  -0.472887,   0.371582
    9713,   0.206055,  -0.472887,   0.371582
    9734,   0.206055,  -0.472887,   0.371582
    9750,   0.206055,  -0.472887,   0.371582
    9766,   0.206055,  -0.472887,   0.371582
    9781,   0.206055,  -0.472887,   0.371582
    9797,   0.206055,  -0.472887,   0.371582
    9813,   0.206055,  -0.472887,   0.371582
    9834,   0.206055,  -0.472887,   0.371582
    9850,   0.206055,  -0.472887,   0.371582
    9866,   0.206055,  -0.472887,   0.371582
    9881,   0.206055,  -0.472887,   0.371582
    9897,   0.206055,  -0.472887,   0.371582
    9913,   0.206055,  -0.472887,   0.371582
    9934,   0.206055,  -0.472887,   0.371582
    9950,   0.206055,  -0.472887,   0.371582
    9966,   0.206055,  -0.472887,   0.371582
    9981,   0.206055,  -0.472887,   0.371582
    9997,   0.206055,  -0.472887,   0.371582
   10013,   0.206055,  -0.472887,   0.371582
   10034,   0.206055,  -0.472887,   0.371582
   10050,   0.206055,  -0.472887,   0.371582
   10065,   0.206055,  -0.472887,   0.371582
   10081,   0.206055,  -0.472887,   0.371582
   10097,   0.206055,  -0.472887,   0.371582
   10112,   0.206055,  -0.472887,   0.371582
   10135,   0.206055,  -0.472887,   0.371582
   10150,   0.206055,  -0.472887,   0.371582
   10166,   0.206055,  -0.472887,   0.371582
   10182,   0.206055,  -0.472887,   0.371582
   10197,   0.206055,  -0.472887,   0.371582
   10213,   0.206055,  -0.472887,   0.371582
   10235,   0.206055,  -0.472887,   0.371582
   10251,   0.206055,  -0.472887,   0.371582
   10266,   0.206055,  -0.472887,   0.371582
   10282,   0.206055,  -0.472887,   0.371582
   10297,   0.206055,  -0.472887,   0.371582
   10313,   0.206055,  -0.472887,   0.371582
   10335,   0.206055,  -0.472887,   0.371582
   10351,   0.206055,  -0.472887,   0.371582
   10366,   0.206055,  -0.472887,   0.371582
   10382,   0.206055,  -0.472887,   0.371582
   10398,   0.206055,  -0.472887,   0.371582
   10413,   0.206055,  -0.472887,   0.371582
   10435,   0.206055,  -0.472887,   0.371582
   10451,   0.206055,  -0.472887,   0.371582
   10466,   0.206055,  -0.472887,   0.371582
   10482,   0.206055,  -0.472887,   0.371582
   10498,   0.206055,  -0.472887,   0.371582
   10513,   0.206055,  -0.472887,   0.371582
   10535,   0.206055,  -0.472887,   0.371582
