      25,   0.098089,   1.036135,   0.067936, 0,0,0,0
      41,   0.102973,   1.033449,   0.068058, 0,0,0,0
      57,   0.107612,   1.030886,   0.064396, 0,0,0,0
      72,   0.114326,   1.029421,   0.061832, 0,0,0,0
      88,   0.116889,   1.026979,   0.062077, 0,0,0,0
     103,   0.118721,   1.029665,   0.063786, 0,0,0,0
     119,   0.118843,   1.028688,   0.068669, 0,0,0,0
     135,   0.119941,   1.028444,   0.067448, 0,0,0,0
     150,   0.122261,   1.029176,   0.069401, 0,0,0,0
     166,   0.122505,   1.024049,   0.066593, 0,0,0,0
     181,   0.126167,   1.014771,   0.059635, 0,0,0,0
     197,   0.130196,   1.008667,   0.055606, 0,0,0,0
     213,   0.131661,   0.998291,   0.047061, 0,0,0,0
     224,   0.133370,   0.993896,   0.037295, 0,0,0,0
     240,   0.135567,   0.995483,   0.032045, 0,0,0,0
     256,   0.138497,   0.998413,   0.033877, 0,0,0,0
     271,   0.137398,   0.997314,   0.045962, 0,0,0,0
     287,   0.134469,   0.999146,   0.054264, 0,0,0,0
     303,   0.136300,   0.998291,   0.059879, 0,0,0,0
     318,   0.140206,   0.996094,   0.060123, 0,0,0,0
     334,   0.140450,   0.999023,   0.061222, 0,0,0,0
     349,   0.144723,   0.999268,   0.058292, 0,0,0,0
     365,   0.143991,   1.000977,   0.061954, 0,0,0,0
     381,   0.138863,   1.001343,   0.067570, 0,0,0,0
     396,   0.121528,   0.992431,   0.056095, 0,0,0,0
     412,   0.104315,   1.006226,   0.077703, 0,0,0,0
     428,   0.114814,   1.004517,   0.068425, 0,0,0,0
     443,   0.108954,   0.997803,   0.048160, 0,0,0,0
     459,   0.096380,   0.982665,   0.056461, 0,0,0,0
     474,   0.097479,   0.992553,   0.068547, 0,0,0,0
     490,   0.105658,   1.000244,   0.066471, 0,0,0,0
     506,   0.109809,   0.982055,   0.039248, 0,0,0,0
     521,   0.114326,   0.969847,   0.022890, 0,0,0,0
     537,   0.110786,   0.994506,   0.046329, 0,0,0,0
     552,   0.099554,   1.000977,   0.059635, 0,0,0,0
     568,   0.094061,   1.010743,   0.054874, 0,0,0,0
     584,   0.081609,   1.003540,   0.034975, 0,0,0,0
     600,   0.069279,   0.993530,   0.034121, 0,0,0,0
     615,   0.069890,   0.992553,   0.030947, 0,0,0,0
     631,   0.070622,   1.006592,   0.046084, 0,0,0,0
     646,   0.065495,   1.020143,   0.059391, 0,0,0,0
     662,   0.057804,   1.021119,   0.052677, 0,0,0,0
     678,   0.062687,   1.024415,   0.058658, 0,0,0,0
     693,   0.084905,   1.015992,   0.031801, 0,0,0,0
     709,   0.094549,   1.008057,   0.036562, 0,0,0,0
     725,   0.092474,   1.016847,   0.061100, 0,0,0,0
     740,   0.080999,   1.034060,   0.085027, 0,0,0,0
     756,   0.069035,   1.012818,   0.055362, 0,0,0,0
     771,   0.065739,   1.017091,   0.044253, 0,0,0,0
     787,   0.082219,   1.012574,   0.038149, 0,0,0,0
     803,   0.098578,   1.017335,   0.035464, 0,0,0,0
     818,   0.104071,   1.021852,   0.050601, 0,0,0,0
     834,   0.107245,   1.013551,   0.036929, 0,0,0,0
     850,   0.106513,   1.018556,   0.034365, 0,0,0,0
     865,   0.101386,   1.011842,   0.034853, 0,0,0,0
     881,   0.091619,   1.016603,   0.038393, 0,0,0,0
     896,   0.080876,   1.010133,   0.023866, 0,0,0,0
     912,   0.074895,   1.004151,   0.028871, 0,0,0,0
     928,   0.078191,   1.003906,   0.028993, 0,0,0,0
     943,   0.095282,   1.001343,   0.027895, 0,0,0,0
     959,   0.104315,   1.011964,   0.039370, 0,0,0,0
     974,   0.105658,   1.015260,   0.060001, 0,0,0,0
     990,   0.101874,   1.008667,   0.062809, 0,0,0,0
    1005,   0.097601,   1.000122,   0.055240, 0,0,0,0
    1021,   0.106757,   0.991333,   0.034853, 0,0,0,0
    1037,   0.108710,   0.979369,   0.029116, 0,0,0,0
    1052,   0.118721,   0.976317,   0.028871, 0,0,0,0
    1068,   0.126167,   0.977049,   0.021058, 0,0,0,0
    1084,   0.120796,   0.974486,   0.046573, 0,0,0,0
    1099,   0.112739,   0.987426,   0.036806, 0,0,0,0
    1115,   0.120674,   0.992065,   0.039492, 0,0,0,0
    1131,   0.113715,   0.984862,   0.019105, 0,0,0,0
    1146,   0.110541,   0.987304,   0.009949, 0,0,0,0
    1162,   0.103217,   0.997681,   0.012391, 0,0,0,0
    1178,   0.104071,   1.000610,   0.004090, 0,0,0,0
    1193,   0.101630,   1.005127,   0.002136, 0,0,0,0
    1209,   0.098456,   1.010377,   0.015077, 0,0,0,0
    1225,   0.093573,   1.023805,   0.025453, 0,0,0,0
    1241,   0.096624,   1.014649,   0.014955, 0,0,0,0
    1258,   0.106147,   1.019288,   0.007020, 0,0,0,0
    1273,   0.109809,   1.021486,   0.017518, 0,0,0,0
    1289,   0.106391,   1.020265,   0.028871, 0,0,0,0
    1305,   0.100287,   1.021730,   0.026674, 0,0,0,0
    1320,   0.094671,   1.015504,   0.017762, 0,0,0,0
    1336,   0.097479,   1.011719,   0.020692, 0,0,0,0
    1351,   0.095648,   1.009400,   0.025697, 0,0,0,0
    1367,   0.095038,   1.009034,   0.023866, 0,0,0,0
    1383,   0.096136,   1.002320,   0.022768, 0,0,0,0
    1398,   0.096502,   0.991088,   0.015809, 0,0,0,0
    1414,   0.103705,   0.990722,   0.019471, 0,0,0,0
    1430,   0.107245,   0.979979,   0.012269, 0,0,0,0
    1445,   0.105048,   0.979491,   0.002380, 0,0,0,0
    1461,   0.093695,   0.977660,   0.008729, 0,0,0,0
    1476,   0.083196,   0.979735,   0.006409, 0,0,0,0
    1492,   0.080144,   0.977416,   0.009339, 0,0,0,0
    1508,   0.074406,   0.991943,   0.003113, 0,0,0,0
    1523,   0.081487,   0.984496,   0.008851, 0,0,0,0
    1539,   0.101019,   0.997314,   0.012147, 0,0,0,0
    1554,   0.125435,   1.002198,   0.031435, 0,0,0,0
    1570,   0.141061,   1.010621,   0.031313, 0,0,0,0
    1586,   0.148386,   1.015138,   0.057071, 0,0,0,0
    1601,   0.156321,   1.024660,   0.068180, 0,0,0,0
    1617,   0.158640,   1.018800,   0.066593, 0,0,0,0
    1633,   0.169993,   1.004761,   0.057926, 0,0,0,0
    1648,   0.171824,   0.986571,   0.055851, 0,0,0,0
    1664,   0.175365,   0.977538,   0.052554, 0,0,0,0
    1679,   0.176097,   0.979857,   0.030092, 0,0,0,0
    1695,   0.169383,   0.985473,   0.019349, 0,0,0,0
    1711,   0.153635,   0.998779,   0.022523, 0,0,0,0
    1726,   0.137398,   1.009400,   0.014344, 0,0,0,0
    1742,   0.112495,   1.026369,  -0.002136, 0,0,0,0
    1758,   0.082952,   1.036745,  -0.025697, 0,0,0,0
    1773,   0.073186,   1.044802,  -0.033510, 0,0,0,0
    1789,   0.075627,   1.059208,  -0.055118, 0,0,0,0
    1804,   0.077580,   1.073735,  -0.049503, 0,0,0,0
    1820,   0.078679,   1.094610,  -0.054386, 0,0,0,0
    1836,   0.067936,   1.094122,  -0.035219, 0,0,0,0
    1851,   0.050723,   1.092413,  -0.045596, 0,0,0,0
    1867,   0.061588,   1.061771,  -0.036929, 0,0,0,0
    1883,   0.114814,   1.055912,  -0.015199, 0,0,0,0
    1898,   0.169505,   1.040041,   0.013001, 0,0,0,0
    1914,   0.217359,   0.994506,   0.013612, 0,0,0,0
    1929,   0.293048,   0.955564,   0.008729, 0,0,0,0
    1945,   0.339071,   0.929561,  -0.003601, 0,0,0,0
    1961,   0.393762,   0.912592,   0.036196, 0,0,0,0
    1976,   0.414515,   0.925533,   0.067692, 0,0,0,0
    1992,   0.440762,   0.924312,   0.148386, 0,0,0,0
    2007,   0.456876,   0.933590,   0.155710, 0,0,0,0
    2023,   0.474821,   0.888421,   0.179393, 0,0,0,0
    2039,   0.493866,   0.848868,   0.165965, 0,0,0,0
    2054,   0.522432,   0.797107,   0.150705, 0,0,0,0
    2070,   0.531832,   0.746444,   0.180858, 0,0,0,0
    2085,   0.580541,   0.740829,   0.214185, 0,0,0,0
    2101,   0.616920,   0.750351,   0.239089, 0,0,0,0
    2117,   0.627541,   0.761948,   0.261796, 0,0,0,0
    2132,   0.697247,   0.664408,   0.205274, 0,0,0,0
    2148,   0.704083,   0.677959,   0.197217, 0,0,0,0
    2164,   0.732406,   0.563084,   0.154978, 0,0,0,0
    2179,   0.742660,   0.587865,   0.187328, 0,0,0,0
    2195,   0.739608,   0.562962,   0.235305, 0,0,0,0
    2210,   0.758652,   0.557468,   0.286822, 0,0,0,0
    2226,   0.806873,   0.568821,   0.302081, 0,0,0,0
    2242,   0.867546,   0.554660,   0.301593, 0,0,0,0
    2258,   0.864982,   0.505097,   0.276811, 0,0,0,0
    2275,   0.867546,   0.448697,   0.250931, 0,0,0,0
    2291,   0.884148,   0.425258,   0.220900, 0,0,0,0
    2307,   0.901483,   0.390344,   0.275468, 0,0,0,0
    2322,   0.967527,   0.394128,   0.276323, 0,0,0,0
    2338,   1.007813,   0.386559,   0.269731, 0,0,0,0
    2353,   0.998169,   0.345175,   0.276323, 0,0,0,0
    2369,   0.984252,   0.316487,   0.257523, 0,0,0,0
    2385,   0.937252,   0.289996,   0.237502, 0,0,0,0
    2400,   0.918696,   0.247024,   0.202588, 0,0,0,0
    2416,   0.925655,   0.205152,   0.172191, 0,0,0,0
    2432,   0.932735,   0.185741,   0.186596, 0,0,0,0
    2447,   0.965696,   0.178172,   0.247757, 0,0,0,0
    2463,   1.004761,   0.182445,   0.255326, 0,0,0,0
    2478,   1.004395,   0.139108,   0.214185, 0,0,0,0
    2494,   0.954953,   0.069157,   0.184398, 0,0,0,0
    2509,   0.925899,   0.003968,   0.093573, 0,0,0,0
    2525,   0.889153,  -0.013245,   0.089178, 0,0,0,0
    2541,   0.899042,  -0.062199,   0.115425, 0,0,0,0
    2556,   0.937252,  -0.031435,   0.162547, 0,0,0,0
    2572,   0.954343,  -0.046451,   0.171580, 0,0,0,0
    2588,   0.937618,  -0.075139,   0.137032, 0,0,0,0
    2603,   0.907465,  -0.103461,   0.153757, 0,0,0,0
    2619,   0.895013,  -0.142037,   0.124214, 0,0,0,0
    2635,   0.894281,  -0.174022,   0.108588, 0,0,0,0
    2650,   0.929317,  -0.192089,   0.097723, 0,0,0,0
    2666,   0.942257,  -0.172191,   0.141793, 0,0,0,0
    2681,   0.959470,  -0.206495,   0.157175, 0,0,0,0
    2697,   0.963743,  -0.200146,   0.189892, 0,0,0,0
    2713,   0.971312,  -0.208570,   0.204297, 0,0,0,0
    2728,   1.000122,  -0.181102,   0.224440, 0,0,0,0
    2744,   1.040286,  -0.154489,   0.272294, 0,0,0,0
    2760,   1.058597,  -0.141793,   0.260087, 0,0,0,0
    2775,   1.075566,  -0.167308,   0.251053, 0,0,0,0
    2791,   1.074345,  -0.180614,   0.247269, 0,0,0,0
    2806,   1.076421,  -0.196362,   0.243484, 0,0,0,0
    2822,   1.074467,  -0.194043,   0.235671, 0,0,0,0
    2838,   1.073369,  -0.189404,   0.225905, 0,0,0,0
    2853,   1.076299,  -0.196362,   0.204297, 0,0,0,0
    2869,   1.076421,  -0.199414,   0.185619, 0,0,0,0
    2885,   1.065556,  -0.201611,   0.165599, 0,0,0,0
    2900,   1.047244,  -0.179393,   0.179637, 0,0,0,0
    2916,   1.020021,  -0.163279,   0.160471, 0,0,0,0
    2931,   1.000122,  -0.158518,   0.130196, 0,0,0,0
    2947,   0.994140,  -0.138741,   0.120063, 0,0,0,0
    2963,   0.985717,  -0.126534,   0.084661, 0,0,0,0
    2978,   0.994140,  -0.136056,   0.067936, 0,0,0,0
    2994,   0.967649,  -0.072941,   0.118354, 0,0,0,0
    3010,   0.937618,  -0.019471,   0.130928, 0,0,0,0
    3025,   0.926631,  -0.036440,   0.111030, 0,0,0,0
    3041,   0.924312,  -0.036684,   0.060856, 0,0,0,0
    3056,   0.933956,  -0.013734,   0.060734, 0,0,0,0
    3072,   0.949094,   0.003723,   0.074406, 0,0,0,0
    3088,   0.960813,   0.058170,   0.078313, 0,0,0,0
    3103,   0.940060,   0.105780,   0.109931, 0,0,0,0
    3119,   0.928462,   0.158884,   0.128365, 0,0,0,0
    3134,   0.924678,   0.193432,   0.137765, 0,0,0,0
    3150,   0.947384,   0.221388,   0.124580, 0,0,0,0
    3166,   0.992675,   0.243606,   0.073063, 0,0,0,0
    3181,   1.015016,   0.274248,   0.087347, 0,0,0,0
    3197,   1.019410,   0.311848,   0.121895, 0,0,0,0
    3213,   1.009278,   0.375450,   0.160959, 0,0,0,0
    3228,   0.960447,   0.431606,   0.182811, 0,0,0,0
    3243,   0.902338,   0.461881,   0.190136, 0,0,0,0
    3259,   0.857047,   0.493621,   0.160227, 0,0,0,0
    3274,   0.840078,   0.512788,   0.129463, 0,0,0,0
    3292,   0.834829,   0.539401,   0.107612, 0,0,0,0
    3308,   0.810169,   0.582738,   0.106513, 0,0,0,0
    3324,   0.767808,   0.610450,   0.125557, 0,0,0,0
    3340,   0.742782,   0.659037,   0.113349, 0,0,0,0
    3355,   0.723738,   0.683574,   0.099799, 0,0,0,0
    3371,   0.703595,   0.699322,   0.076726, 0,0,0,0
    3386,   0.679424,   0.713117,   0.075627, 0,0,0,0
    3402,   0.670634,   0.744369,   0.079900, 0,0,0,0
    3418,   0.662211,   0.775011,   0.097113, 0,0,0,0
    3433,   0.633400,   0.805896,   0.088323, 0,0,0,0
    3449,   0.606788,   0.798816,   0.064030, 0,0,0,0
    3465,   0.597876,   0.815418,   0.052554, 0,0,0,0
    3480,   0.609595,   0.831044,   0.040957, 0,0,0,0
    3496,   0.604346,   0.843252,   0.029970, 0,0,0,0
    3511,   0.579686,   0.849478,   0.025453, 0,0,0,0
    3527,   0.547702,   0.870964,   0.036562, 0,0,0,0
    3543,   0.517793,   0.880730,   0.028627, 0,0,0,0
    3558,   0.491424,   0.885613,   0.005921, 0,0,0,0
    3574,   0.466520,   0.874748,  -0.030214, 0,0,0,0
    3589,   0.437832,   0.873283,  -0.048038, 0,0,0,0
    3605,   0.391687,   0.879387,  -0.061344, 0,0,0,0
    3621,   0.311237,   0.890252,  -0.058414, 0,0,0,0
    3636,   0.241653,   0.907221,  -0.069157, 0,0,0,0
    3652,   0.194653,   0.935787,  -0.063175, 0,0,0,0
    3668,   0.202954,   0.970213,  -0.060978, 0,0,0,0
    3683,   0.216627,   0.996826,  -0.071110, 0,0,0,0
    3699,   0.210401,   1.012452,  -0.038882, 0,0,0,0
    3714,   0.193066,   1.041140,  -0.027406, 0,0,0,0
    3730,   0.169139,   1.044192,  -0.018495, 0,0,0,0
    3746,   0.148019,   1.045901,  -0.001770, 0,0,0,0
    3761,   0.153635,   1.056400,  -0.005921, 0,0,0,0
    3777,   0.194043,   1.055545,  -0.022645, 0,0,0,0
    3793,   0.241042,   1.068730,  -0.020082, 0,0,0,0
    3808,   0.262040,   1.059940,  -0.027529, 0,0,0,0
    3824,   0.270952,   1.046268,  -0.044009, 0,0,0,0
    3839,   0.268388,   1.054813,  -0.030336, 0,0,0,0
    3855,   0.280718,   1.061405,  -0.017640, 0,0,0,0
    3871,   0.314777,   1.066410,  -0.032167, 0,0,0,0
    3886,   0.336141,   1.056278,  -0.060734, 0,0,0,0
    3902,   0.338094,   1.062626,  -0.075993, 0,0,0,0
    3918,   0.339071,   1.066410,  -0.105414, 0,0,0,0
    3933,   0.340414,   1.065434,  -0.146310, 0,0,0,0
    3949,   0.318318,   1.067143,  -0.191113, 0,0,0,0
    3964,   0.275102,   1.066044,  -0.218946, 0,0,0,0
    3980,   0.189526,   1.037600,  -0.250198, 0,0,0,0
    3996,   0.050479,   0.973387,  -0.247879, 0,0,0,0
    4011,  -0.078679,   0.926509,  -0.232131, 0,0,0,0
    4027,  -0.129219,   0.882073,  -0.257645, 0,0,0,0
    4043,  -0.125313,   0.861930,  -0.257767, 0,0,0,0
    4058,  -0.089666,   0.852896,  -0.259843, 0,0,0,0
    4074,  -0.117622,   0.836538,  -0.210157, 0,0,0,0
    4089,  -0.164134,   0.848013,  -0.165965, 0,0,0,0
    4105,  -0.219313,   0.815663,  -0.188915, 0,0,0,0
    4121,  -0.245437,   0.788561,  -0.198437, 0,0,0,0
    4136,  -0.263993,   0.768418,  -0.215772, 0,0,0,0
    4152,  -0.284991,   0.736800,  -0.193310, 0,0,0,0
    4167,  -0.295733,   0.723982,  -0.159861, 0,0,0,0
    4183,  -0.326863,   0.664164,  -0.200757, 0,0,0,0
    4198,  -0.408289,   0.545016,  -0.291216, 0,0,0,0
    4214,  -0.502045,   0.520967,  -0.313679, 0,0,0,0
    4230,  -0.571263,   0.484221,  -0.324178, 0,0,0,0
    4246,  -0.635110,   0.500580,  -0.318562, 0,0,0,0
    4261,  -0.679424,   0.476164,  -0.344809, 0,0,0,0
    4277,  -0.751083,   0.471647,  -0.308674, 0,0,0,0
    4293,  -0.776842,   0.468840,  -0.304279, 0,0,0,0
    4310,  -0.809315,   0.450162,  -0.286333, 0,0,0,0
    4326,  -0.844107,   0.432949,  -0.283892, 0,0,0,0
    4341,  -0.879631,   0.365318,  -0.315510, 0,0,0,0
    4357,  -0.914179,   0.345297,  -0.320393, 0,0,0,0
    4373,  -0.975096,   0.336385,  -0.268266, 0,0,0,0
    4388,  -1.016725,   0.284258,  -0.311726, 0,0,0,0
    4404,  -1.044803,   0.244217,  -0.324422, 0,0,0,0
    4419,  -1.043093,   0.221876,  -0.329793, 0,0,0,0
    4435,  -1.025880,   0.215895,  -0.293658, 0,0,0,0
    4451,  -1.006104,   0.193188,  -0.292926, 0,0,0,0
    4466,  -0.966184,   0.199658,  -0.283526, 0,0,0,0
    4482,  -0.949582,   0.242263,  -0.239944, 0,0,0,0
    4497,  -0.946164,   0.216871,  -0.245437, 0,0,0,0
    4513,  -0.967161,   0.207227,  -0.241409, 0,0,0,0
    4529,  -1.005494,   0.202466,  -0.238357, 0,0,0,0
    4544,  -1.069829,   0.208814,  -0.234694, 0,0,0,0
    4560,  -1.113044,   0.189282,  -0.194775, 0,0,0,0
    4576,  -1.091192,   0.175487,  -0.221632, 0,0,0,0
    4591,  -1.066044,   0.182323,  -0.221876, 0,0,0,0
    4607,  -1.114021,   0.104804,  -0.192334, 0,0,0,0
    4622,  -1.064091,   0.234206,  -0.304035, 0,0,0,0
    4638,  -1.059452,   0.185863,  -0.173534, 0,0,0,0
    4654,  -0.990722,   0.167918,  -0.212965, 0,0,0,0
    4669,  -1.009888,   0.189892,  -0.193676, 0,0,0,0
    4685,  -1.004151,   0.155344,  -0.235549, 0,0,0,0
    4701,  -1.003174,   0.149484,  -0.233718, 0,0,0,0
    4722,  -1.017091,   0.185497,  -0.192578, 0,0,0,0
    4738,  -0.927364,   0.103705,  -0.232985, 0,0,0,0
    4754,  -0.973021,   0.087103,  -0.201123, 0,0,0,0
    4769,  -1.031862,   0.075871,  -0.204663, 0,0,0,0
    4785,  -1.062748,   0.070988,  -0.209058, 0,0,0,0
    4801,  -1.142465,   0.100287,  -0.153024, 0,0,0,0
    4816,  -1.194470,   0.066471,  -0.189282, 0,0,0,0
    4832,  -1.206556,   0.031679,  -0.223707, 0,0,0,0
    4847,  -1.181896,   0.082464,  -0.234939, 0,0,0,0
    4863,  -1.203870,   0.163401,  -0.169871, 0,0,0,0
    4878,  -1.115119,   0.239089,  -0.172069, 0,0,0,0
    4894,  -1.031252,   0.279253,  -0.162180, 0,0,0,0
    4910,  -0.962400,   0.288042,  -0.205884, 0,0,0,0
    4926,  -0.963499,   0.299518,  -0.194653, 0,0,0,0
    4941,  -0.951535,   0.286944,  -0.216749, 0,0,0,0
    4957,  -0.931514,   0.286089,  -0.216749, 0,0,0,0
    4972,  -0.934078,   0.287066,  -0.225661, 0,0,0,0
    4988,  -0.967527,   0.276689,  -0.238601, 0,0,0,0
    5004,  -0.945797,   0.306842,  -0.205030, 0,0,0,0
    5019,  -0.896844,   0.365684,  -0.201734, 0,0,0,0
    5035,  -0.898553,   0.354209,  -0.230300, 0,0,0,0
    5050,  -0.947507,   0.344931,  -0.242385, 0,0,0,0
    5066,  -1.011231,   0.327229,  -0.226027, 0,0,0,0
    5082,  -0.871452,   0.253861,  -0.350302, 0,0,0,0
    5097,  -0.759629,   0.372887,  -0.250443, 0,0,0,0
    5113,  -0.706281,   0.458829,  -0.216749, 0,0,0,0
    5128,  -0.646219,   0.499603,  -0.220656, 0,0,0,0
    5144,  -0.666972,   0.506317,  -0.229933, 0,0,0,0
    5160,  -0.682476,   0.520478,  -0.245193, 0,0,0,0
    5175,  -0.641335,   0.535250,  -0.278032, 0,0,0,0
    5191,  -0.545871,   0.564915,  -0.292071, 0,0,0,0
    5206,  -0.307453,   0.621193,  -0.314045, 0,0,0,0
    5222,  -0.290728,   0.666361,  -0.287188, 0,0,0,0
    5238,  -0.451383,   0.728133,  -0.218092, 0,0,0,0
    5254,  -0.538912,   0.775255,  -0.177684, 0,0,0,0
    5269,  -0.560154,   0.788928,  -0.180492, 0,0,0,0
    5285,  -0.527559,   0.785998,  -0.185863, 0,0,0,0
    5300,  -0.412562,   0.788317,  -0.198193, 0,0,0,0
    5312,  -0.326253,   0.808216,  -0.225417, 0,0,0,0
    5328,  -0.330159,   0.827016,  -0.179149, 0,0,0,0
    5343,  -0.349570,   0.885003,  -0.133004, 0,0,0,0
    5359,  -0.342733,   0.896356,  -0.117866, 0,0,0,0
    5375,  -0.328572,   0.912348,  -0.132882, 0,0,0,0
    5390,  -0.294757,   0.933590,  -0.099921, 0,0,0,0
    5406,  -0.224440,   0.980956,  -0.107612, 0,0,0,0
    5422,  -0.193310,   0.955197,  -0.130562, 0,0,0,0
    5437,  -0.173656,   0.965452,  -0.116035, 0,0,0,0
    5453,  -0.152292,   0.997070,  -0.055851, 0,0,0,0
    5468,  -0.113349,   1.032228,  -0.010804, 0,0,0,0
    5484,  -0.069157,   1.060062,   0.009461, 0,0,0,0
    5500,  -0.034975,   1.031496,  -0.005921, 0,0,0,0
    5515,   0.013001,   1.013062,  -0.036196, 0,0,0,0
    5531,   0.079778,   1.014527,  -0.060001, 0,0,0,0
    5547,   0.096136,   1.011842,  -0.068180, 0,0,0,0
    5562,   0.081731,   1.027956,  -0.005677, 0,0,0,0
    5578,   0.077580,   1.035403,   0.059513, 0,0,0,0
    5593,   0.091375,   1.018190,   0.043277, 0,0,0,0
    5609,   0.122871,   1.001465,   0.029604, 0,0,0,0
    5625,   0.157053,   1.005371,   0.006653, 0,0,0,0
    5640,   0.199902,   1.001831,   0.011781, 0,0,0,0
    5656,   0.246780,   1.013673,   0.025819, 0,0,0,0
    5672,   0.276811,   1.006836,   0.058780, 0,0,0,0
    5687,   0.295733,   1.012208,   0.081243, 0,0,0,0
    5703,   0.300494,   0.969114,   0.058292, 0,0,0,0
    5718,   0.319050,   0.954709,   0.005921, 0,0,0,0
    5734,   0.338827,   0.955686,   0.009949, 0,0,0,0
    5750,   0.364463,   0.976683,   0.012513, 0,0,0,0
    5765,   0.386071,   0.977538,   0.017640, 0,0,0,0
    5781,   0.389611,   0.977293,   0.029116, 0,0,0,0
    5796,   0.393640,   0.963255,   0.028627, 0,0,0,0
    5812,   0.387780,   0.958005,   0.016297, 0,0,0,0
    5828,   0.363364,   0.937862,   0.027040, 0,0,0,0
    5843,   0.338827,   0.935787,   0.015565, 0,0,0,0
    5859,   0.318196,   0.927608,   0.010193, 0,0,0,0
    5875,   0.312214,   0.941403,   0.028505, 0,0,0,0
    5890,   0.317707,   0.937252,   0.046939, 0,0,0,0
    5906,   0.317952,   0.957273,   0.058414, 0,0,0,0
    5921,   0.306720,   0.956174,   0.062077, 0,0,0,0
    5937,   0.296222,   0.958982,   0.053043, 0,0,0,0
    5953,   0.276689,   0.959104,   0.049991, 0,0,0,0
    5968,   0.262040,   0.961301,   0.039370, 0,0,0,0
    5984,   0.248489,   0.962400,   0.028505, 0,0,0,0
    6000,   0.237991,   0.968260,   0.037295, 0,0,0,0
    6015,   0.233352,   0.981688,   0.036806, 0,0,0,0
    6031,   0.212965,   0.984984,   0.034121, 0,0,0,0
    6046,   0.187939,   0.998291,   0.046206, 0,0,0,0
    6062,   0.170848,   1.014039,   0.054019, 0,0,0,0
    6077,   0.157297,   1.009034,   0.039004, 0,0,0,0
    6093,   0.141183,   1.005249,   0.026796, 0,0,0,0
    6109,   0.123604,   1.006226,   0.017274, 0,0,0,0
    6125,   0.105780,   1.012452,   0.026186, 0,0,0,0
    6140,   0.082586,   1.009156,   0.029482, 0,0,0,0
    6156,   0.070134,   1.026613,   0.039126, 0,0,0,0
    6171,   0.059391,   1.022829,   0.038760, 0,0,0,0
    6187,   0.046695,   1.026857,   0.032534, 0,0,0,0
    6203,   0.002869,   1.007203,   0.024843, 0,0,0,0
    6218,  -0.036806,   1.006226,   0.005188, 0,0,0,0
    6234,  -0.056827,   0.995971,  -0.007019, 0,0,0,0
    6250,  -0.072941,   0.998291,   0.006165, 0,0,0,0
    6265,  -0.078679,   1.000366,   0.015687, 0,0,0,0
    6280,  -0.073918,   0.997681,  -0.007142, 0,0,0,0
    6296,  -0.091619,   0.987914,  -0.011048, 0,0,0,0
    6311,  -0.114936,   0.988525,  -0.009095, 0,0,0,0
    6327,  -0.127632,   0.996704,  -0.018861, 0,0,0,0
    6345,  -0.144357,   0.974120,  -0.029482, 0,0,0,0
    6361,  -0.151193,   0.972899,  -0.033510, 0,0,0,0
    6376,  -0.163279,   0.971800,  -0.032290, 0,0,0,0
    6392,  -0.192700,   0.970335,  -0.013612, 0,0,0,0
    6408,  -0.212843,   0.990234,  -0.005432, 0,0,0,0
    6423,  -0.234694,   0.985961,  -0.030825, 0,0,0,0
    6439,  -0.246902,   0.971556,  -0.087347, 0,0,0,0
    6454,  -0.260087,   0.947629,  -0.057804, 0,0,0,0
    6470,  -0.263993,   0.968748,  -0.029970, 0,0,0,0
    6486,  -0.289141,   0.967283,  -0.027040, 0,0,0,0
    6501,  -0.315754,   0.955320,  -0.047671, 0,0,0,0
    6517,  -0.325154,   0.959226,  -0.045596, 0,0,0,0
    6533,  -0.329793,   0.958982,  -0.058048, 0,0,0,0
    6548,  -0.336996,   0.926753,  -0.089544, 0,0,0,0
    6564,  -0.336385,   0.939449,  -0.062321, 0,0,0,0
    6579,  -0.332723,   0.958616,  -0.031679, 0,0,0,0
    6595,  -0.356772,   0.940914,  -0.035342, 0,0,0,0
    6611,  -0.389489,   0.914057,  -0.061588, 0,0,0,0
    6627,  -0.397180,   0.916865,  -0.067448, 0,0,0,0
    6642,  -0.386803,   0.905756,  -0.060245, 0,0,0,0
    6664,  -0.390222,   0.897821,  -0.090521, 0,0,0,0
    6680,  -0.420253,   0.878411,  -0.082830, 0,0,0,0
    6696,  -0.442349,   0.879753,  -0.065739, 0,0,0,0
    6711,  -0.462858,   0.869621,  -0.094671, 0,0,0,0
    6727,  -0.467741,   0.870598,  -0.077458, 0,0,0,0
    6743,  -0.469328,   0.866569,  -0.082097, 0,0,0,0
    6758,  -0.467619,   0.862296,  -0.093939, 0,0,0,0
    6774,  -0.470793,   0.860221,  -0.086126, 0,0,0,0
    6789,  -0.481292,   0.867424,  -0.077092, 0,0,0,0
    6805,  -0.493988,   0.866447,  -0.075627, 0,0,0,0
    6821,  -0.500580,   0.867179,  -0.065861, 0,0,0,0
    6836,  -0.502533,   0.854972,  -0.073308, 0,0,0,0
    6852,  -0.507905,   0.813954,  -0.108832, 0,0,0,0
    6867,  -0.546237,   0.794177,  -0.109565, 0,0,0,0
    6883,  -0.583715,   0.784411,  -0.133614, 0,0,0,0
    6899,  -0.604712,   0.794543,  -0.118354, 0,0,0,0
    6914,  -0.613990,   0.785876,  -0.120308, 0,0,0,0
    6930,  -0.609473,   0.799792,  -0.116279, 0,0,0,0
    6946,  -0.597510,   0.803577,  -0.113960, 0,0,0,0
    6961,  -0.603858,   0.795886,  -0.132760, 0,0,0,0
    6977,  -0.611549,   0.779161,  -0.148996, 0,0,0,0
    6992,  -0.625343,   0.779772,  -0.144235, 0,0,0,0
    7008,  -0.645852,   0.775255,  -0.144357, 0,0,0,0
    7024,  -0.638650,   0.779161,  -0.144235, 0,0,0,0
    7039,  -0.651224,   0.743148,  -0.155588, 0,0,0,0
    7055,  -0.677104,   0.726668,  -0.155100, 0,0,0,0
    7071,  -0.726912,   0.721052,  -0.131173, 0,0,0,0
    7086,  -0.775621,   0.683574,  -0.155588, 0,0,0,0
    7102,  -0.765855,   0.681621,  -0.163767, 0,0,0,0
    7117,  -0.724959,   0.681621,  -0.168773, 0,0,0,0
    7133,  -0.714582,   0.656229,  -0.180736, 0,0,0,0
    7149,  -0.709333,   0.655375,  -0.181957, 0,0,0,0
    7164,  -0.708600,   0.665995,  -0.149484, 0,0,0,0
    7180,  -0.737777,   0.650125,  -0.156321, 0,0,0,0
    7195,  -0.738021,   0.653177,  -0.147897, 0,0,0,0
    7211,  -0.724226,   0.649148,  -0.164866, 0,0,0,0
    7227,  -0.745590,   0.644387,  -0.167308, 0,0,0,0
    7242,  -0.747543,   0.642312,  -0.176219, 0,0,0,0
    7258,  -0.759995,   0.637429,  -0.165354, 0,0,0,0
    7274,  -0.772081,   0.640115,  -0.154123, 0,0,0,0
    7289,  -0.768663,   0.650735,  -0.143136, 0,0,0,0
    7305,  -0.781481,   0.643655,  -0.145212, 0,0,0,0
    7321,  -0.787096,   0.648660,  -0.152780, 0,0,0,0
    7337,  -0.799670,   0.641213,  -0.158640, 0,0,0,0
    7363,  -0.834340,   0.646585,  -0.146066, 0,0,0,0
    7378,  -0.905756,   0.646097,  -0.142526, 0,0,0,0
    7394,  -0.914179,   0.659647,  -0.144601, 0,0,0,0
    7410,  -0.847769,   0.685161,  -0.127999, 0,0,0,0
    7425,  -0.754135,   0.733748,  -0.131173, 0,0,0,0
    7441,  -0.737167,   0.732039,  -0.134835, 0,0,0,0
    7457,  -0.718977,   0.737777,  -0.149973, 0,0,0,0
    7472,  -0.693707,   0.764512,  -0.135323, 0,0,0,0
    7488,  -0.670024,   0.779650,  -0.130684, 0,0,0,0
    7503,  -0.664774,   0.764390,  -0.144723, 0,0,0,0
    7519,  -0.628273,   0.771348,  -0.162913, 0,0,0,0
    7535,  -0.561863,   0.789050,  -0.160837, 0,0,0,0
    7550,  -0.499847,   0.827016,  -0.142037, 0,0,0,0
    7566,  -0.470549,   0.862174,  -0.105658, 0,0,0,0
    7581,  -0.464201,   0.880730,  -0.096747, 0,0,0,0
    7597,  -0.461393,   0.880364,  -0.113960, 0,0,0,0
    7613,  -0.464689,   0.874992,  -0.115058, 0,0,0,0
    7628,  -0.457609,   0.867057,  -0.123604, 0,0,0,0
    7644,  -0.442837,   0.864494,  -0.129341, 0,0,0,0
    7660,  -0.424281,   0.885247,  -0.117134, 0,0,0,0
    7675,  -0.408777,   0.904535,  -0.100165, 0,0,0,0
    7691,  -0.393029,   0.912104,  -0.085027, 0,0,0,0
    7706,  -0.383751,   0.916743,  -0.084417, 0,0,0,0
    7722,  -0.372032,   0.916499,  -0.092718, 0,0,0,0
    7738,  -0.370079,   0.909296,  -0.107367, 0,0,0,0
    7753,  -0.354819,   0.912959,  -0.121528, 0,0,0,0
    7769,  -0.361533,   0.913325,  -0.109199, 0,0,0,0
    7785,  -0.357871,   0.927486,  -0.101019, 0,0,0,0
    7800,  -0.331136,   0.939449,  -0.085027, 0,0,0,0
    7816,  -0.313679,   0.952145,  -0.085515, 0,0,0,0
    7831,  -0.304035,   0.947140,  -0.098212, 0,0,0,0
    7847,  -0.263749,   0.958249,  -0.114204, 0,0,0,0
    7862,  -0.241409,   0.957395,  -0.106147, 0,0,0,0
    7878,  -0.232985,   0.964842,  -0.093939, 0,0,0,0
    7894,  -0.203565,   0.975951,  -0.069890, 0,0,0,0
    7910,  -0.181835,   0.985961,  -0.060367, 0,0,0,0
    7925,  -0.162424,   0.982665,  -0.070988, 0,0,0,0
    7941,  -0.150339,   0.978881,  -0.078557, 0,0,0,0
    7956,  -0.146188,   0.971190,  -0.088690, 0,0,0,0
    7972,  -0.140328,   0.968382,  -0.085149, 0,0,0,0
    7988,  -0.127632,   0.956296,  -0.085638, 0,0,0,0
    8003,  -0.105414,   0.956052,  -0.087347, 0,0,0,0
    8019,  -0.093451,   0.951535,  -0.070256, 0,0,0,0
    8034,  -0.074773,   0.966673,  -0.074406, 0,0,0,0
    8050,  -0.077703,   0.957273,  -0.078557, 0,0,0,0
    8066,  -0.088079,   0.953977,  -0.080877, 0,0,0,0
    8081,  -0.081121,   0.943478,  -0.075017, 0,0,0,0
    8097,  -0.048404,   0.943478,  -0.081487, 0,0,0,0
    8113,  -0.013978,   0.941159,  -0.071232, 0,0,0,0
    8128,   0.029848,   0.948972,  -0.053775, 0,0,0,0
    8144,   0.101630,   0.977538,  -0.053653, 0,0,0,0
    8159,   0.140328,   0.998169,  -0.034243, 0,0,0,0
    8175,   0.152292,   1.001953,  -0.033632, 0,0,0,0
    8191,   0.179515,   1.005249,  -0.052310, 0,0,0,0
    8206,   0.165965,   0.995117,  -0.061222, 0,0,0,0
    8222,   0.155832,   1.002075,  -0.042300, 0,0,0,0
    8238,   0.175365,   1.005493,  -0.031557, 0,0,0,0
    8253,   0.206495,   1.007691,  -0.036318, 0,0,0,0
    8269,   0.227248,   1.014527,  -0.035219, 0,0,0,0
    8284,   0.246292,   1.018800,  -0.024477, 0,0,0,0
    8300,   0.259354,   1.021241,  -0.033266, 0,0,0,0
    8316,   0.259476,   1.006958,  -0.058536, 0,0,0,0
    8332,   0.240554,   1.002075,  -0.081731, 0,0,0,0
    8347,   0.209669,   0.992309,  -0.093206, 0,0,0,0
    8363,   0.187328,   0.988036,  -0.105536, 0,0,0,0
    8381,   0.178783,   0.981688,  -0.125313, 0,0,0,0
    8396,   0.176463,   0.987548,  -0.122017, 0,0,0,0
    8412,   0.185375,   0.999268,  -0.112006, 0,0,0,0
    8427,   0.204541,   1.015992,  -0.101386, 0,0,0,0
    8443,   0.201245,   1.012574,  -0.092718, 0,0,0,0
    8459,   0.184887,   1.004151,  -0.095160, 0,0,0,0
    8474,   0.158884,   0.994262,  -0.089056, 0,0,0,0
    8490,   0.154123,   0.988891,  -0.076360, 0,0,0,0
    8505,   0.145822,   0.981200,  -0.074040, 0,0,0,0
    8521,   0.138863,   0.980223,  -0.053653, 0,0,0,0
    8537,   0.146188,   0.987670,  -0.036440, 0,0,0,0
    8552,   0.160227,   0.984252,  -0.024843, 0,0,0,0
    8568,   0.159250,   0.966429,  -0.014344, 0,0,0,0
    8584,   0.158518,   0.940792,   0.003479, 0,0,0,0
    8599,   0.180370,   0.919307,   0.015077, 0,0,0,0
    8615,   0.179393,   0.870476,   0.016664, 0,0,0,0
    8630,   0.135567,   0.814808,   0.011658, 0,0,0,0
    8646,   0.073308,   0.698590,  -0.063786, 0,0,0,0
    8662,   0.097113,   0.636330,  -0.058048, 0,0,0,0
    8677,   0.220289,   0.709333,   0.033999, 0,0,0,0
    8693,   0.295855,   0.741317,   0.116523, 0,0,0,0
    8709,   0.356162,   0.752792,   0.176219, 0,0,0,0
    8724,   0.337606,   0.678203,   0.185009, 0,0,0,0
    8740,   0.255326,   0.584691,   0.177684, 0,0,0,0
    8755,   0.186108,   0.505707,   0.250320, 0,0,0,0
    8771,   0.159373,   0.454801,   0.302814, 0,0,0,0
    8787,   0.250687,   0.470305,   0.443814, 0,0,0,0
    8802,   0.390588,   0.574193,   0.694561, 0,0,0,0
    8818,   0.456021,   0.628273,   0.811390, 0,0,0,0
    8834,   0.378624,   0.537569,   0.792590, 0,0,0,0
    8849,   0.308674,   0.459562,   0.810413, 0,0,0,0
    8865,   0.285479,   0.399866,   0.850455, 0,0,0,0
    8880,   0.314533,   0.436977,   0.879387, 0,0,0,0
    8896,   0.329915,   0.525850,   1.001221, 0,0,0,0
    8911,   0.281816,   0.591528,   1.150522, 0,0,0,0
    8927,   0.238479,   0.589086,   1.195935, 0,0,0,0
    8943,   0.266191,   0.471770,   1.117927, 0,0,0,0
    8959,   0.336751,   0.481536,   1.129280, 0,0,0,0
    8974,   0.363364,   0.525362,   1.179576, 0,0,0,0
    8990,   0.356284,   0.565647,   1.233047, 0,0,0,0
    9005,   0.381310,   0.617286,   1.263932, 0,0,0,0
    9021,   0.329427,   0.562351,   1.260026, 0,0,0,0
    9037,   0.295245,   0.525240,   1.274797, 0,0,0,0
    9052,   0.285235,   0.467253,   1.235854, 0,0,0,0
    9068,   0.241897,   0.416224,   1.189342, 0,0,0,0
    9084,   0.196484,   0.328328,   1.142831, 0,0,0,0
    9099,   0.209546,   0.319417,   1.099493, 0,0,0,0
    9115,   0.278032,   0.287310,   1.127938, 0,0,0,0
    9130,   0.349448,   0.328206,   1.224745, 0,0,0,0
    9146,   0.452725,   0.378990,   1.309345, 0,0,0,0
    9162,   0.545993,   0.469572,   1.391992, 0,0,0,0
    9177,   0.618507,   0.562229,   1.485381, 0,0,0,0
    9193,   0.608374,   0.577245,   1.476592, 0,0,0,0
    9208,   0.545627,   0.540988,   1.461332, 0,0,0,0
    9224,   0.467375,   0.489349,   1.411524, 0,0,0,0
    9240,   0.428188,   0.444912,   1.361228, 0,0,0,0
    9255,   0.398523,   0.438076,   1.310688, 0,0,0,0
    9271,   0.358970,   0.423061,   1.244644, 0,0,0,0
    9287,   0.316853,   0.394861,   1.162974, 0,0,0,0
    9302,   0.262772,   0.355063,   1.145395, 0,0,0,0
    9318,   0.230788,   0.335165,   1.084966, 0,0,0,0
    9334,   0.226271,   0.350424,   1.068974, 0,0,0,0
    9350,   0.262772,   0.400110,   1.060062, 0,0,0,0
    9366,   0.304401,   0.426601,   1.079839, 0,0,0,0
    9382,   0.352011,   0.483123,   1.072514, 0,0,0,0
    9398,   0.333333,   0.444546,   0.955808, 0,0,0,0
    9413,   0.315266,   0.463102,   0.916865, 0,0,0,0
    9429,   0.343832,   0.530489,   0.890252, 0,0,0,0
    9444,   0.370689,   0.541232,   0.811390, 0,0,0,0
    9460,   0.409998,   0.598853,   0.781969, 0,0,0,0
    9476,   0.429286,   0.634377,   0.802478, 0,0,0,0
    9491,   0.487273,   0.647684,   0.784044, 0,0,0,0
    9507,   0.421840,   0.546237,   0.618385, 0,0,0,0
    9522,   0.314289,   0.504242,   0.512666, 0,0,0,0
    9538,   0.273393,   0.516572,   0.381920, 0,0,0,0
    9554,   0.254105,   0.519258,   0.317097, 0,0,0,0
    9569,   0.282671,   0.526949,   0.236770, 0,0,0,0
    9585,   0.277056,   0.503998,   0.175609, 0,0,0,0
    9601,   0.292804,   0.533663,   0.130440, 0,0,0,0
    9616,   0.298663,   0.497772,  -0.040957, 0,0,0,0
    9632,   0.257279,   0.503510,  -0.176952, 0,0,0,0
    9647,   0.210523,   0.541232,  -0.202954, 0,0,0,0
    9663,   0.181957,   0.525240,  -0.306476, 0,0,0,0
    9679,   0.184887,   0.481047,  -0.370323, 0,0,0,0
    9694,   0.275468,   0.498260,  -0.490569, 0,0,0,0
    9710,   0.280229,   0.472380,  -0.314777, 0,0,0,0
    9732,   0.268510,   0.613258,  -0.620949, 0,0,0,0
    9748,   0.249222,   0.458463,  -0.668559, 0,0,0,0
    9763,   0.275468,   0.440395,  -0.715193, 0,0,0,0
    9779,   0.301105,   0.381920,  -0.709455, 0,0,0,0
    9794,   0.313068,   0.415858,  -0.830434, 0,0,0,0
    9810,   0.323933,   0.362876,  -0.864616, 0,0,0,0
    9826,   0.323445,   0.329793,  -0.872185, 0,0,0,0
    9841,   0.285845,   0.338949,  -0.858268, 0,0,0,0
    9857,   0.256180,   0.303913,  -0.895257, 0,0,0,0
    9872,   0.245804,   0.268144,  -0.941281, 0,0,0,0
    9888,   0.248611,   0.202588,  -0.961301, 0,0,0,0
    9904,   0.273027,   0.175731,  -0.979125, 0,0,0,0
    9919,   0.276201,   0.144235,  -0.985229, 0,0,0,0
    9935,   0.236892,   0.132515,  -0.997803, 0,0,0,0
    9950,   0.181957,   0.085638,  -1.038332, 0,0,0,0
    9966,   0.135445,   0.050357,  -1.058841, 0,0,0,0
    9982,   0.125069,  -0.014955,  -1.115241, 0,0,0,0
    9997,   0.161814,  -0.049869,  -1.116706, 0,0,0,0
   10013,   0.213941,  -0.069279,  -1.112922, 0,0,0,0
   10029,   0.296832,  -0.077092,  -1.049930, 0,0,0,0
   10044,   0.364219,  -0.043643,  -1.002197, 0,0,0,0
   10060,   0.377281,  -0.028505,  -1.000732, 0,0,0,0
   10076,   0.387658,   0.007508,  -0.962400, 0,0,0,0
   10091,   0.388024,   0.055240,  -0.945309, 0,0,0,0
   10107,   0.365806,   0.065983,  -0.956052, 0,0,0,0
   10122,   0.323201,   0.059879,  -0.981322, 0,0,0,0
   10138,   0.299640,   0.078313,  -0.967527, 0,0,0,0
   10154,   0.294391,   0.147165,  -0.895013, 0,0,0,0
   10169,   0.305500,   0.229445,  -0.853018, 0,0,0,0
   10185,   0.310993,   0.249954,  -0.848013, 0,0,0,0
   10200,   0.314533,   0.310505,  -0.822011, 0,0,0,0
   10216,   0.314533,   0.368736,  -0.801502, 0,0,0,0
   10232,   0.309772,   0.429653,  -0.780260, 0,0,0,0
   10247,   0.313557,   0.471770,  -0.782702, 0,0,0,0
   10263,   0.287066,   0.498627,  -0.748886, 0,0,0,0
   10279,   0.258378,   0.509247,  -0.718733, 0,0,0,0
   10294,   0.268144,   0.520723,  -0.703595, 0,0,0,0
   10310,   0.297320,   0.535494,  -0.675761, 0,0,0,0
   10325,   0.341024,   0.584691,  -0.648172, 0,0,0,0
   10341,   0.379112,   0.600928,  -0.648782, 0,0,0,0
   10357,   0.393396,   0.622414,  -0.654764, 0,0,0,0
   10373,   0.382409,   0.621193,  -0.641946, 0,0,0,0
   10389,   0.338094,   0.623512,  -0.608863, 0,0,0,0
   10416,   0.313313,   0.613990,  -0.631081, 0,0,0,0
   10431,   0.320027,   0.614967,  -0.629128, 0,0,0,0
   10447,   0.363364,   0.663065,  -0.602149, 0,0,0,0
   10462,   0.406458,   0.719954,  -0.566136, 0,0,0,0
   10478,   0.425746,   0.767198,  -0.556369, 0,0,0,0
   10494,   0.398767,   0.785265,  -0.551853, 0,0,0,0
   10509,   0.357749,   0.774278,  -0.570652, 0,0,0,0
   10525,   0.335165,   0.751572,  -0.597265, 0,0,0,0
   10541,   0.313923,   0.722761,  -0.621437, 0,0,0,0
   10556,   0.295123,   0.695782,  -0.616065, 0,0,0,0
   10572,   0.331258,   0.729842,  -0.515840, 0,0,0,0
   10587,   0.382897,   0.802234,  -0.464811, 0,0,0,0
   10603,   0.378136,   0.817738,  -0.461027, 0,0,0,0
   10619,   0.325642,   0.807728,  -0.473112, 0,0,0,0
   10634,   0.279131,   0.776720,  -0.512543, 0,0,0,0
   10650,   0.233840,   0.720076,  -0.527803, 0,0,0,0
   10666,   0.204908,   0.688091,  -0.499725, 0,0,0,0
   10681,   0.220778,   0.752548,  -0.397424, 0,0,0,0
   10697,   0.255204,   0.840322,  -0.295489, 0,0,0,0
   10712,   0.263749,   0.865104,  -0.275591, 0,0,0,0
   10728,   0.273759,   0.888055,  -0.269487, 0,0,0,0
   10744,   0.263261,   0.905146,  -0.310749, 0,0,0,0
   10759,   0.212110,   0.894647,  -0.296100, 0,0,0,0
   10775,   0.162913,   0.901972,  -0.327229, 0,0,0,0
   10790,   0.117500,   0.920649,  -0.294879, 0,0,0,0
   10806,   0.117744,   0.990600,  -0.216749, 0,0,0,0
   10822,   0.159983,   1.067875,  -0.142160, 0,0,0,0
   10837,   0.196850,   1.104499,  -0.114326, 0,0,0,0
   10853,   0.164500,   1.095587,  -0.102728, 0,0,0,0
   10869,   0.108344,   1.058353,  -0.115547, 0,0,0,0
   10884,   0.074406,   1.005371,  -0.154734, 0,0,0,0
   10900,   0.119453,   0.994629,  -0.115913, 0,0,0,0
   10915,   0.258988,   1.099860,  -0.045596, 0,0,0,0
   10931,   0.376671,   1.115730,  -0.035097, 0,0,0,0
   10947,   0.418299,   1.115364,  -0.016175, 0,0,0,0
   10962,   0.393640,   1.102667,   0.008118, 0,0,0,0
   10978,   0.326131,   1.093634,   0.025087, 0,0,0,0
   10994,   0.258133,   1.086187,   0.039736, 0,0,0,0
   11009,   0.200024,   1.073979,   0.034609, 0,0,0,0
   11025,   0.153391,   1.045047,   0.018006, 0,0,0,0
   11040,   0.158030,   1.034304,   0.002136, 0,0,0,0
   11056,   0.198315,   1.053592,   0.017152, 0,0,0,0
   11072,   0.242141,   1.071171,   0.030458, 0,0,0,0
   11087,   0.263749,   1.067143,   0.042910, 0,0,0,0
   11103,   0.256546,   1.076054,   0.039858, 0,0,0,0
   11118,   0.224806,   1.081548,   0.035219, 0,0,0,0
   11134,   0.180126,   1.090460,   0.023988, 0,0,0,0
   11150,   0.119209,   1.110969,   0.029482, 0,0,0,0
   11165,   0.065861,   1.118415,   0.020448, 0,0,0,0
   11181,   0.017274,   1.143197,   0.060490, 0,0,0,0
   11197,   0.011048,   1.176769,   0.080510, 0,0,0,0
   11212,   0.031313,   1.195935,   0.094061, 0,0,0,0
   11228,   0.024599,   1.171641,   0.063786, 0,0,0,0
   11243,  -0.000061,   1.123299,   0.028383, 0,0,0,0
   11259,   0.002014,   1.096442,   0.008240, 0,0,0,0
   11275,   0.046084,   1.068608,  -0.011414, 0,0,0,0
   11290,   0.095526,   1.028688,  -0.032167, 0,0,0,0
   11306,   0.146554,   1.001343,  -0.030580, 0,0,0,0
   11322,   0.203443,   0.959836,  -0.034487, 0,0,0,0
   11337,   0.248245,   0.931881,  -0.034365, 0,0,0,0
   11353,   0.278887,   0.919062,  -0.019838, 0,0,0,0
   11369,   0.314900,   0.898675,  -0.015565, 0,0,0,0
   11384,   0.360679,   0.853995,  -0.025209, 0,0,0,0
   11400,   0.416712,   0.827382,   0.001648, 0,0,0,0
   11415,   0.478728,   0.796008,   0.023134, 0,0,0,0
   11432,   0.537691,   0.770616,   0.077458, 0,0,0,0
   11448,   0.583471,   0.740707,   0.090521, 0,0,0,0
   11464,   0.629494,   0.678813,   0.098334, 0,0,0,0
   11479,   0.708356,   0.613136,   0.091741, 0,0,0,0
   11495,   0.789904,   0.617652,   0.089788, 0,0,0,0
   11510,   0.830068,   0.565159,   0.147531, 0,0,0,0
   11526,   0.848624,   0.531221,   0.145089, 0,0,0,0
   11542,   0.822743,   0.471525,   0.195263, 0,0,0,0
   11557,   0.876335,   0.498627,   0.226271, 0,0,0,0
   11573,   0.928829,   0.489105,   0.195752, 0,0,0,0
   11589,   0.935909,   0.442715,   0.159495, 0,0,0,0
   11604,   0.922725,   0.378624,   0.139474, 0,0,0,0
   11620,   0.910029,   0.332235,   0.124702, 0,0,0,0
   11636,   0.914423,   0.316853,   0.149850, 0,0,0,0
   11651,   0.963865,   0.342733,   0.194165, 0,0,0,0
   11667,   0.989135,   0.337118,   0.195263, 0,0,0,0
   11682,   0.980345,   0.289629,   0.167918, 0,0,0,0
   11698,   0.963621,   0.240676,   0.129219, 0,0,0,0
   11714,   0.944821,   0.184032,   0.092474, 0,0,0,0
   11729,   0.945797,   0.139108,   0.079167, 0,0,0,0
   11745,   0.966551,   0.131173,   0.078801, 0,0,0,0
   11760,   0.993286,   0.143502,   0.142404, 0,0,0,0
   11776,   1.012330,   0.156931,   0.188793, 0,0,0,0
   11792,   1.015382,   0.124825,   0.168162, 0,0,0,0
   11807,   0.996460,   0.063175,   0.114936, 0,0,0,0
   11823,   0.965818,   0.002869,   0.088445, 0,0,0,0
   11838,   0.971312,  -0.042056,   0.120552, 0,0,0,0
   11854,   1.010133,   0.004456,   0.072209, 0,0,0,0
   11870,   1.015260,  -0.083074,   0.107001, 0,0,0,0
   11885,   1.010621,  -0.099799,   0.102240, 0,0,0,0
   11901,   0.999268,  -0.126656,   0.118354, 0,0,0,0
   11917,   1.009156,  -0.146188,   0.118232, 0,0,0,0
   11932,   1.021363,  -0.164866,   0.106879, 0,0,0,0
   11948,   1.020265,  -0.197949,   0.121650, 0,0,0,0
   11964,   1.040774,  -0.219069,   0.106879, 0,0,0,0
   11979,   1.053592,  -0.236526,   0.098822, 0,0,0,0
   11995,   1.065190,  -0.262406,   0.098456, 0,0,0,0
   12010,   1.090704,  -0.253983,   0.082464, 0,0,0,0
   12026,   1.103034,  -0.258133,   0.082952, 0,0,0,0
   12042,   1.106452,  -0.251419,   0.112861, 0,0,0,0
   12057,   1.110114,  -0.251541,   0.123360, 0,0,0,0
   12073,   1.117683,  -0.251663,   0.115302, 0,0,0,0
   12089,   1.127571,  -0.243118,   0.113227, 0,0,0,0
   12104,   1.135506,  -0.231765,   0.104437, 0,0,0,0
   12120,   1.155161,  -0.220411,   0.101996, 0,0,0,0
   12135,   1.181774,  -0.183056,   0.112983, 0,0,0,0
   12151,   1.175548,  -0.133980,   0.118477, 0,0,0,0
   12166,   1.123299,  -0.063419,   0.159861, 0,0,0,0
   12182,   1.061405,  -0.008606,   0.161570, 0,0,0,0
   12198,   1.003540,   0.010804,   0.143747, 0,0,0,0
   12214,   0.942990,   0.029238,   0.135445, 0,0,0,0
   12229,   0.918696,   0.085027,   0.099799, 0,0,0,0
   12245,   0.912104,   0.172679,   0.123848, 0,0,0,0
   12260,   0.890008,   0.225417,   0.114082, 0,0,0,0
   12276,   0.822255,   0.290850,   0.111884, 0,0,0,0
   12292,   0.719832,   0.326497,   0.106269, 0,0,0,0
   12307,   0.668803,   0.383629,   0.050601, 0,0,0,0
   12323,   0.644510,   0.436611,   0.010438, 0,0,0,0
   12338,   0.627541,   0.478118,   0.005188, 0,0,0,0
   12354,   0.638894,   0.541842,   0.018739, 0,0,0,0
   12370,   0.675151,   0.621193,   0.021425, 0,0,0,0
   12385,   0.685650,   0.664774,   0.056583, 0,0,0,0
   12401,   0.681743,   0.697369,   0.048282, 0,0,0,0
   12417,   0.687115,   0.722273,   0.032412, 0,0,0,0
   12433,   0.678447,   0.770372,   0.039370, 0,0,0,0
   12450,   0.661478,   0.826650,   0.068791, 0,0,0,0
   12466,   0.611304,   0.856192,   0.074651, 0,0,0,0
   12482,   0.538546,   0.867301,   0.045596, 0,0,0,0
   12497,   0.475188,   0.885979,   0.030703, 0,0,0,0
   12513,   0.422450,   0.933346,   0.048038, 0,0,0,0
   12529,   0.392297,   0.962766,   0.032167, 0,0,0,0
   12544,   0.349814,   0.973753,  -0.007508, 0,0,0,0
   12560,   0.299274,   0.986083,  -0.017640, 0,0,0,0
   12576,   0.259843,   0.995849,  -0.044742, 0,0,0,0
   12591,   0.208936,   0.993042,  -0.031313, 0,0,0,0
   12607,   0.148141,   0.988403,  -0.025453, 0,0,0,0
   12622,   0.097235,   0.994873,  -0.037051, 0,0,0,0
   12638,   0.054752,   0.995239,  -0.091253, 0,0,0,0
   12654,   0.023622,   1.015382,  -0.076115, 0,0,0,0
   12669,   0.018129,   1.043338,  -0.075139, 0,0,0,0
   12685,   0.012269,   1.059574,  -0.099310, 0,0,0,0
   12701,   0.019960,   1.048953,  -0.094549, 0,0,0,0
   12716,   0.059635,   1.048221,  -0.115302, 0,0,0,0
   12732,   0.078557,   1.028810,  -0.112373, 0,0,0,0
   12747,   0.103461,   1.048953,  -0.097723, 0,0,0,0
   12763,   0.121284,   1.062382,  -0.075261, 0,0,0,0
   12778,   0.128731,   1.080938,  -0.050113, 0,0,0,0
   12794,   0.124702,   1.072514,  -0.043521, 0,0,0,0
   12810,   0.139352,   1.059208,  -0.061466, 0,0,0,0
   12826,   0.152536,   1.042483,  -0.074162, 0,0,0,0
   12841,   0.164866,   1.006470,  -0.098334, 0,0,0,0
   12857,   0.168895,   0.985351,  -0.103217, 0,0,0,0
   12872,   0.174022,   0.973997,  -0.109443, 0,0,0,0
   12888,   0.172191,   0.965330,  -0.111640, 0,0,0,0
   12904,   0.177562,   0.956662,  -0.128243, 0,0,0,0
   12919,   0.184276,   0.945920,  -0.146676, 0,0,0,0
   12935,   0.176219,   0.936275,  -0.147775, 0,0,0,0
   12950,   0.184520,   0.941036,  -0.164134, 0,0,0,0
   12966,   0.188427,   0.960935,  -0.153513, 0,0,0,0
   12982,   0.169993,   0.966551,  -0.148630, 0,0,0,0
   12997,   0.138619,   0.965574,  -0.170726, 0,0,0,0
   13013,   0.107123,   0.947262,  -0.187572, 0,0,0,0
   13029,   0.092230,   0.939205,  -0.192578, 0,0,0,0
   13044,   0.107978,   0.952756,  -0.205640, 0,0,0,0
   13060,   0.106147,   0.947995,  -0.186474, 0,0,0,0
   13075,   0.122993,   0.970945,  -0.162302, 0,0,0,0
   13091,   0.132393,   0.978758,  -0.136178, 0,0,0,0
   13106,   0.135079,   0.980468,  -0.140084, 0,0,0,0
   13122,   0.118843,   0.976927,  -0.143380, 0,0,0,0
   13138,   0.097723,   0.962766,  -0.148386, 0,0,0,0
   13154,   0.072087,   0.972044,  -0.138131, 0,0,0,0
   13169,   0.065251,   0.984130,  -0.140573, 0,0,0,0
   13185,   0.060001,   0.984130,  -0.125191, 0,0,0,0
   13200,   0.068180,   1.001709,  -0.138497, 0,0,0,0
   13216,   0.071477,   1.004029,  -0.135201, 0,0,0,0
   13232,   0.082830,   0.997681,  -0.150949, 0,0,0,0
   13247,   0.085027,   0.997681,  -0.142526, 0,0,0,0
   13263,   0.101752,   1.013428,  -0.134591, 0,0,0,0
   13278,   0.114082,   1.030031,  -0.122261, 0,0,0,0
   13294,   0.119697,   1.033571,  -0.119209, 0,0,0,0
   13310,   0.125801,   1.026003,  -0.130074, 0,0,0,0
   13325,   0.126534,   1.031862,  -0.133370, 0,0,0,0
   13341,   0.115058,   1.027712,  -0.123848, 0,0,0,0
   13357,   0.099310,   1.027345,  -0.123237, 0,0,0,0
   13372,   0.090032,   1.022462,  -0.132638, 0,0,0,0
   13388,   0.093695,   1.023317,  -0.129708, 0,0,0,0
   13403,   0.094061,   1.027834,  -0.136056, 0,0,0,0
   13419,   0.091741,   1.021241,  -0.122749, 0,0,0,0
   13434,   0.081243,   1.021363,  -0.124336, 0,0,0,0
   13450,   0.055118,   1.020143,  -0.129708, 0,0,0,0
   13467,   0.041323,   1.004151,  -0.144479, 0,0,0,0
   13483,   0.031679,   1.004639,  -0.164134, 0,0,0,0
   13498,   0.112250,   1.025148,  -0.164378, 0,0,0,0
   13514,   0.108832,   0.976683,  -0.149362, 0,0,0,0
   13530,   0.113349,   0.939694,  -0.156199, 0,0,0,0
   13545,   0.024110,   0.907587,  -0.244217, 0,0,1,0
   13561,   0.074284,   0.967894,  -0.242630, 0,0,1,0
   13577,   0.023134,   0.943844,  -0.134102, 0,0,1,0
   13592,   0.013245,   0.938473,  -0.108100, 0,0,1,0
   13608,   0.082341,   0.976439,  -0.108588, 0,0,1,0
   13623,   0.076238,   0.941281,  -0.121162, 0,0,1,0
   13639,   0.004090,   0.908686,  -0.153513, 0,0,1,0
   13655,   0.042300,   0.992431,  -0.211133, 0,0,1,0
   13670,   0.054874,   1.023073,  -0.126411, 0,0,1,0
   13686,   0.064396,   1.081914,  -0.039248, 0,0,1,0
   13702,   0.067204,   1.116096,  -0.014100, 0,0,1,0
   13717,   0.053165,   1.151132,   0.006165, 0,0,1,0
   13733,   0.034609,   1.156382,  -0.031923, 0,0,1,0
   13748,   0.030947,   1.141122,  -0.090521, 0,0,0,0
   13764,   0.145456,   1.085577,  -0.057804, 0,0,0,0
   13780,   0.204541,   1.025881,  -0.089544, 0,0,0,0
   13795,   0.201245,   0.957883,  -0.120430, 0,0,0,0
   13811,   0.161204,   0.901361,  -0.114936, 0,0,0,0
   13826,   0.113960,   0.875725,  -0.132638, 0,0,0,0
   13842,   0.062321,   0.858756,  -0.148874, 0,0,0,0
   13858,   0.029238,   0.895990,  -0.084051, 0,0,0,0
   13873,   0.065617,   0.990600,  -0.028261, 0,0,0,0
   13889,   0.086492,   1.023561,  -0.005921, 0,0,0,0
   13905,   0.091497,   1.027467,  -0.018617, 0,0,0,0
   13920,   0.099310,   1.021363,  -0.039126, 0,0,0,0
   13936,   0.103949,   1.007691,  -0.057804, 0,0,0,0
   13952,   0.111518,   0.988158,  -0.076482, 0,0,0,0
   13967,   0.136056,   0.984008,  -0.103949, 0,0,0,0
   13983,   0.143747,   1.001343,  -0.094183, 0,0,0,0
   13998,   0.135567,   1.014527,  -0.086004, 0,0,0,0
   14014,   0.117500,   1.022707,  -0.058170, 0,0,0,0
   14030,   0.097113,   1.029176,  -0.057682, 0,0,0,0
   14045,   0.082097,   1.014894,  -0.070012, 0,0,0,0
   14061,   0.072575,   1.008423,  -0.069890, 0,0,0,0
   14077,   0.069890,   1.019777,  -0.064518, 0,0,0,0
   14092,   0.065251,   1.033327,  -0.041445, 0,0,0,0
   14108,   0.074651,   1.049686,  -0.030458, 0,0,0,0
   14123,   0.093817,   1.066166,  -0.009705, 0,0,0,0
   14139,   0.119331,   1.079717,  -0.006653, 0,0,0,0
   14154,   0.124458,   1.088751,   0.014710, 0,0,0,0
   14170,   0.119575,   1.079106,   0.004456, 0,0,0,0
   14186,   0.100531,   1.063236,   0.010804, 0,0,0,0
   14201,   0.098456,   1.055789,   0.023256, 0,0,0,0
   14217,   0.104804,   1.036867,   0.027651, 0,0,0,0
   14233,   0.123726,   0.995239,   0.013368, 0,0,0,0
   14248,   0.157663,   0.981444,   0.020082, 0,0,0,0
   14264,   0.208814,   0.993164,   0.031069, 0,0,0,0
   14280,   0.235671,   1.027590,   0.061710, 0,0,0,0
   14295,   0.215162,   1.039797,   0.079290, 0,0,0,0
   14311,   0.146066,   0.999268,   0.081365, 0,0,0,0
   14326,   0.090276,   0.974730,   0.068669, 0,0,0,0
   14342,   0.102606,   0.933468,   0.045352, 0,0,0,0
   14358,   0.178172,   0.937496,   0.071721, 0,0,0,0
   14373,   0.269243,   0.951291,   0.113471, 0,0,0,0
   14389,   0.331380,   0.970701,   0.149973, 0,0,0,0
   14404,   0.362144,   0.971434,   0.175731, 0,0,0,0
   14420,   0.334676,   0.955442,   0.198804, 0,0,0,0
   14437,   0.269609,   0.955320,   0.216871, 0,0,0,0
   14452,   0.212110,   0.938595,   0.213453, 0,0,0,0
   14469,   0.181347,   0.938595,   0.243240, 0,0,0,0
   14485,   0.202222,   0.897699,   0.208570, 0,0,0,0
   14500,   0.206372,   0.831167,   0.217970, 0,0,0,0
   14516,   0.167430,   0.852652,   0.349326, 0,0,0,0
   14531,   0.104071,   0.860343,   0.498993, 0,0,0,0
   14547,   0.063175,   0.845816,   0.530367, 0,0,0,0
   14563,   0.027529,   0.721541,   0.515840, 0,0,0,0
   14578,   0.056827,   0.688702,   0.564304, 0,0,0,0
   14594,   0.146432,   0.714338,   0.682720, 0,0,0,0
   14610,   0.240798,   0.756699,   0.721663, 0,0,0,0
   14625,   0.242385,   0.702741,   0.737044, 0,0,0,0
   14641,   0.186596,   0.647195,   0.726790, 0,0,0,0
   14657,   0.154856,   0.609473,   0.735458, 0,0,0,0
   14672,   0.129097,   0.582128,   0.782946, 0,0,0,0
   14688,   0.130074,   0.540133,   0.801013, 0,0,0,0
   14703,   0.166941,   0.472014,   0.774644, 0,0,0,0
   14719,   0.236037,   0.375938,   0.745102, 0,0,0,0
   14741,   0.277910,   0.364463,   0.832753, 0,0,0,0
   14756,   0.308185,   0.375206,   0.914057, 0,0,0,0
   14772,   0.303791,   0.325276,   0.909296, 0,0,0,0
   14788,   0.310017,   0.285723,   0.866935, 0,0,0,0
   14803,   0.329549,   0.247513,   0.861320, 0,0,0,0
   14819,   0.348105,   0.249832,   0.908075, 0,0,0,0
   14834,   0.332479,   0.243850,   0.926509, 0,0,0,0
   14850,   0.277422,   0.172557,   0.867179, 0,0,0,0
   14866,   0.217359,   0.113715,   0.831899, 0,0,0,0
   14881,   0.183544,   0.094061,   0.835927, 0,0,0,0
   14897,   0.193188,   0.092718,   0.845450, 0,0,0,0
   14912,   0.199292,   0.112861,   0.921992, 0,0,0,0
   14928,   0.239211,   0.150705,   0.998535, 0,0,0,0
   14944,   0.285357,   0.156565,   0.997681, 0,0,0,0
   14959,   0.283404,   0.120796,   1.014039, 0,0,0,0
   14975,   0.267900,   0.089178,   1.005982, 0,0,0,0
   14990,   0.245804,   0.054508,   1.034914, 0,0,0,0
   15006,   0.227370,   0.004822,   1.002198, 0,0,0,0
   15022,   0.214430,  -0.040835,   1.003296, 0,0,0,0
   15038,   0.180980,  -0.064274,   1.030764, 0,0,0,0
   15053,   0.162669,  -0.064274,   1.044436, 0,0,0,0
   15069,   0.173167,  -0.045962,   1.053958, 0,0,0,0
   15084,   0.214185,  -0.049380,   1.088995, 0,0,0,0
   15100,   0.266191,  -0.007386,   1.083990, 0,0,0,0
   15116,   0.309772,   0.044375,   1.095465, 0,0,0,0
   15131,   0.345663,   0.111030,   1.089727, 0,0,0,0
   15147,   0.303180,   0.115791,   1.138436, 0,0,0,0
   15162,   0.233840,   0.103705,   1.199353, 0,0,0,0
   15178,   0.181957,   0.135689,   1.249649, 0,0,0,0
   15194,   0.187084,   0.178417,   1.288226, 0,0,0,0
   15209,   0.249954,   0.199658,   1.262223, 0,0,0,0
   15225,   0.316609,   0.185131,   1.206556, 0,0,0,0
   15241,   0.345663,   0.152780,   1.181163, 0,0,0,0
   15256,   0.325276,   0.166697,   1.169078, 0,0,0,0
   15272,   0.258500,   0.178417,   1.155039, 0,0,0,0
   15288,   0.195630,   0.182811,   1.011231, 0,0,0,0
   15303,   0.170482,   0.216261,   0.947140, 0,0,0,0
   15319,   0.148630,   0.200024,   0.895746, 0,0,0,0
   15334,   0.191479,   0.290484,   0.887078, 0,0,0,0
   15350,   0.260819,   0.361655,   0.888055, 0,0,0,0
   15366,   0.332601,   0.410609,   0.909662, 0,0,0,0
   15381,   0.359824,   0.438686,   0.882317, 0,0,0,0
   15397,   0.339803,   0.459318,   0.830434, 0,0,0,0
   15412,   0.288531,   0.495819,   0.768541, 0,0,0,0
   15428,   0.228469,   0.472746,   0.735458, 0,0,0,0
   15443,   0.248733,   0.520112,   0.707502, 0,0,0,0
   15459,   0.315144,   0.592626,   0.724593, 0,0,0,0
   15475,   0.373131,   0.611426,   0.720076, 0,0,0,0
   15502,   0.408167,   0.622658,   0.681377, 0,0,0,0
   15518,   0.266557,   0.588964,   0.542819, 0,0,0,0
   15534,   0.228346,   0.637063,   0.489959, 0,0,0,0
   15549,   0.246658,   0.722761,   0.501679, 0,0,0,0
   15565,   0.289385,   0.752304,   0.462614, 0,0,0,0
   15580,   0.307453,   0.743271,   0.401697, 0,0,0,0
   15596,   0.318684,   0.739730,   0.363242, 0,0,0,0
   15612,   0.259476,   0.759141,   0.382287, 0,0,0,0
   15627,   0.216505,   0.838003,   0.451749, 0,0,0,0
   15643,   0.212354,   0.911005,   0.458829, 0,0,0,0
   15658,   0.189160,   0.924434,   0.420253, 0,0,0,0
   15674,   0.197583,   0.935909,   0.365806, 0,0,0,0
   15690,   0.244461,   1.024415,   0.362998, 0,0,0,0
   15705,   0.245071,   1.097662,   0.409998, 0,0,0,0
   15721,   0.208936,   1.173228,   0.426845, 0,0,0,0
   15737,   0.172313,   1.213026,   0.424892, 0,0,0,0
   15752,   0.125435,   1.280169,   0.452481, 0,0,0,0
   15768,   0.084661,   1.356589,   0.479827, 0,0,0,0
   15784,   0.076970,   1.350119,   0.411097, 0,0,0,0
   15799,   0.120674,   1.267472,   0.212965, 0,0,0,0
   15815,   0.160593,   1.226454,   0.125069, 0,0,0,0
   15830,   0.187695,   1.223646,   0.135445, 0,0,0,0
   15846,   0.208692,   1.233657,   0.125557, 0,0,0,0
   15862,   0.210157,   1.209241,   0.115669, 0,0,0,0
   15877,   0.182567,   1.164805,   0.065983, 0,0,0,0
   15893,   0.124458,   1.095098,  -0.005921, 0,0,0,0
   15909,   0.067936,   1.009644,  -0.085027, 0,0,0,0
   15924,   0.032045,   0.924922,  -0.177318, 0,0,0,0
   15940,   0.075505,   0.867179,  -0.289752, 0,0,0,0
   15955,   0.124092,   0.882805,  -0.350302, 0,0,0,0
   15971,   0.129341,   0.920283,  -0.292315, 0,0,0,0
   15986,   0.153147,   0.916987,  -0.331746, 0,0,0,0
   16002,   0.141549,   0.844107,  -0.372154, 0,0,0,0
   16018,   0.125923,   0.788683,  -0.391564, 0,0,0,0
   16034,   0.116645,   0.718367,  -0.425380, 0,0,0,0
   16049,   0.146310,   0.670268,  -0.496795, 0,0,0,0
   16065,   0.195630,   0.672099,  -0.486297, 0,0,0,0
   16081,   0.231521,   0.702863,  -0.452115, 0,0,0,0
   16096,   0.239089,   0.677593,  -0.456876, 0,0,0,0
   16112,   0.218214,   0.642800,  -0.483489, 0,0,0,0
   16127,   0.191723,   0.550510,  -0.553073, 0,0,0,0
   16143,   0.176219,   0.498627,  -0.609595, 0,0,0,0
   16158,   0.181469,   0.499725,  -0.630837, 0,0,0,0
   16174,   0.195996,   0.488250,  -0.637551, 0,0,0,0
   16190,   0.216383,   0.507905,  -0.611671, 0,0,0,0
   16205,   0.240554,   0.499359,  -0.628884, 0,0,0,0
   16221,   0.246902,   0.462125,  -0.661478, 0,0,0,0
   16237,   0.244217,   0.439541,  -0.678447, 0,0,0,0
   16252,   0.250687,   0.402918,  -0.725325, 0,0,0,0
   16268,   0.252518,   0.369468,  -0.797961, 0,0,0,0
   16283,   0.250565,   0.340780,  -0.781847, 0,0,0,0
   16299,   0.272050,   0.338461,  -0.769639, 0,0,0,0
   16315,   0.297320,   0.307331,  -0.759507, 0,0,0,0
   16330,   0.323689,   0.276201,  -0.760361, 0,0,0,0
   16346,   0.338461,   0.205640,  -0.782579, 0,0,0,0
   16362,   0.341635,   0.126289,  -0.838491, 0,0,0,0
   16377,   0.337728,   0.049136,  -0.910883, 0,0,0,0
   16393,   0.317952,  -0.006165,  -0.904047, 0,0,0,0
   16408,   0.299518,  -0.049258,  -0.888665, 0,0,0,0
   16424,   0.317829,  -0.081853,  -0.882805, 0,0,0,0
   16440,   0.335653,  -0.163401,  -0.953000, 0,0,0,0
   16455,   0.347372,  -0.233352,  -1.021608, 0,0,0,0
   16471,   0.328450,  -0.275957,  -1.013551, 0,0,0,0
   16486,   0.312336,  -0.304401,  -1.056522, 0,0,0,0
   16501,   0.288287,  -0.306232,  -1.024293, 0,0,0,0
   16520,   0.280474,  -0.286455,  -1.003296, 0,0,0,0
   16535,   0.274004,  -0.289996,  -1.023439, 0,0,0,0
   16551,   0.297931,  -0.294879,  -1.063236, 0,0,0,0
   16567,   0.328450,  -0.286455,  -1.042971, 0,0,0,0
   16582,   0.369468,  -0.266191,  -1.029055, 0,0,0,0
   16598,   0.391809,  -0.253617,  -1.036379, 0,0,0,0
   16614,   0.385705,  -0.247513,  -1.020021, 0,0,0,0
   16629,   0.336141,  -0.243850,  -1.007569, 0,0,0,0
   16645,   0.286700,  -0.262406,  -1.039309, 0,0,0,0
   16661,   0.255936,  -0.271196,  -1.060306, 0,0,0,0
   16676,   0.247269,  -0.262894,  -1.054569, 0,0,0,0
   16692,   0.257279,  -0.201611,  -1.026613, 0,0,0,0
   16707,   0.251785,  -0.175975,  -0.997681, 0,0,0,0
   16723,   0.252762,  -0.126045,  -0.978026, 0,0,0,0
   16739,   0.234206,  -0.064640,  -0.932491, 0,0,0,0
   16754,   0.221144,   0.010682,  -0.861686, 0,0,0,0
   16770,   0.246658,   0.107001,  -0.843252, 0,0,0,0
   16785,   0.284014,   0.163157,  -0.833120, 0,0,0,0
   16801,   0.338583,   0.250320,  -0.810657, 0,0,0,0
   16817,   0.346640,   0.294879,  -0.758164, 0,0,0,0
   16832,   0.318562,   0.358237,  -0.720808, 0,0,0,0
   16848,   0.289141,   0.401819,  -0.680767, 0,0,0,0
   16864,   0.295367,   0.485320,  -0.618751, 0,0,0,0
   16879,   0.315998,   0.592504,  -0.573338, 0,0,0,0
   16895,   0.318074,   0.613136,  -0.558811, 0,0,0,0
   16910,   0.319905,   0.639260,  -0.574559, 0,0,0,0
   16926,   0.337118,   0.648538,  -0.541354, 0,0,0,0
   16942,   0.383629,   0.746933,  -0.448697, 0,0,0,0
   16957,   0.409998,   0.749741,  -0.417079, 0,0,0,0
   16973,   0.443570,   0.739242,  -0.475920, 0,0,0,0
   16988,   0.445767,   0.735091,  -0.490569, 0,0,0,0
   17004,   0.445401,   0.715070,  -0.517671, 0,0,0,0
   17020,   0.439053,   0.685650,  -0.544894, 0,0,0,0
   17036,   0.438564,   0.642678,  -0.548068, 0,0,0,0
   17051,   0.477385,   0.647073,  -0.499481, 0,0,0,0
   17067,   0.541964,   0.740707,  -0.469816, 0,0,0,0
   17082,   0.549777,   0.748520,  -0.437222, 0,0,0,0
   17098,   0.512666,   0.760361,  -0.435024, 0,0,0,0
   17114,   0.378258,   0.757187,  -0.398889, 0,0,0,0
   17129,   0.276445,   0.716780,  -0.449918, 0,0,0,0
   17145,   0.243972,   0.690777,  -0.500214, 0,0,0,0
   17161,   0.272050,   0.705548,  -0.488372, 0,0,0,0
   17176,   0.313068,   0.754868,  -0.375572, 0,0,0,0
   17192,   0.363364,   0.810902,  -0.277300, 0,0,0,0
   17207,   0.389977,   0.870231,  -0.244827, 0,0,0,0
   17223,   0.361045,   0.912959,  -0.211622, 0,0,0,0
   17238,   0.334676,   0.927608,  -0.278887, 0,0,0,0
   17254,   0.283159,   0.850577,  -0.357016, 0,0,0,0
   17270,   0.242630,   0.828481,  -0.364585, 0,0,0,0
   17285,   0.265214,   0.899286,  -0.292193, 0,0,0,0
   17301,   0.266313,   0.985717,  -0.193188, 0,0,0,0
   17317,   0.243606,   1.061649,  -0.108710, 0,0,0,0
   17332,   0.219557,   1.075810,  -0.125191, 0,0,0,0
   17348,   0.189404,   1.049075,  -0.192700, 0,0,0,0
   17363,   0.165721,   1.081914,  -0.228102, 0,0,0,0
   17379,   0.115302,   1.058109,  -0.205152, 0,0,0,0
   17395,   0.106757,   1.049930,  -0.222243, 0,0,0,0
   17410,   0.113715,   1.045291,  -0.227492, 0,0,0,0
   17426,   0.125557,   1.074712,  -0.159495, 0,0,0,0
   17442,   0.141427,   1.133919,  -0.088445, 0,0,0,0
   17457,   0.120796,   1.166270,  -0.031923, 0,0,0,0
   17473,   0.066105,   1.151987,  -0.044375, 0,0,0,0
   17488,   0.029238,   1.103034,  -0.087713, 0,0,0,0
   17503,  -0.011536,   1.040652,  -0.153391, 0,0,0,0
   17519,  -0.036929,   1.009156,  -0.136666, 0,0,0,0
   17537,  -0.017640,   1.015992,  -0.073064, 0,0,0,0
   17553,   0.022645,   1.054325,   0.028993, 0,0,0,0
   17569,   0.047793,   1.089605,   0.091375, 0,0,0,0
   17584,   0.071843,   1.111091,   0.120430, 0,0,0,0
   17600,   0.068180,   1.085088,   0.113960, 0,0,0,0
   17616,   0.047671,   1.045413,   0.086126, 0,0,0,0
   17631,   0.021425,   1.033083,   0.088812, 0,0,0,0
   17647,  -0.001160,   1.018312,   0.083440, 0,0,0,0
   17662,  -0.007874,   1.023317,   0.072575, 0,0,0,0
   17678,   0.001160,   1.045535,   0.080266, 0,0,0,0
   17694,   0.023500,   1.088751,   0.089300, 0,0,0,0
   17709,   0.028139,   1.107673,   0.093573, 0,0,0,0
   17725,   0.019960,   1.095465,   0.073674, 0,0,0,0
   17741,   0.014344,   1.099249,   0.057315, 0,0,0,0
   17756,   0.006897,   1.098395,   0.065128, 0,0,0,0
   17772,   0.017884,   1.108283,   0.053043, 0,0,0,0
   17787,   0.015809,   1.109870,   0.061588, 0,0,0,0
   17803,   0.015565,   1.110480,   0.055362, 0,0,0,0
   17818,   0.012757,   1.124153,   0.056827, 0,0,0,0
   17834,   0.009217,   1.114265,   0.059025, 0,0,0,0
   17850,   0.010071,   1.101691,   0.068058, 0,0,0,0
   17866,   0.030947,   1.086675,   0.066715, 0,0,0,0
   17881,   0.046695,   1.061039,   0.050601, 0,0,0,0
   17897,   0.045718,   1.052371,   0.070988, 0,0,0,0
   17912,   0.059879,   1.054080,   0.067326, 0,0,0,0
   17928,   0.065617,   1.045535,   0.059757, 0,0,0,0
   17944,   0.061100,   1.041262,   0.060490, 0,0,0,0
   17959,   0.059025,   1.029299,   0.056583, 0,0,0,0
   17975,   0.056583,   1.011109,   0.029970, 0,0,0,0
   17990,   0.064152,   1.003418,   0.028017, 0,0,0,0
   18006,   0.088445,   1.015138,   0.031191, 0,0,0,0
   18022,   0.090032,   1.024538,   0.047183, 0,0,0,0
   18037,   0.098456,   1.017091,   0.028383, 0,0,0,0
   18053,   0.087835,   1.008545,   0.035219, 0,0,0,0
   18069,   0.086492,   1.021974,   0.047183, 0,0,0,0
   18084,   0.101264,   1.037478,   0.039492, 0,0,0,0
   18100,   0.127388,   1.051273,   0.027773, 0,0,0,0
   18115,   0.142160,   1.063725,   0.017274, 0,0,0,0
   18131,   0.135079,   1.065800,   0.044742, 0,0,0,0
   18147,   0.118721,   1.054447,   0.058170, 0,0,0,0
   18162,   0.102606,   1.034548,   0.075871, 0,0,0,0
   18178,   0.121040,   1.025026,   0.099799, 0,0,0,0
   18194,   0.151193,   1.008912,   0.111762, 0,0,0,0
   18209,   0.194409,   0.999390,   0.105048, 0,0,0,0
   18225,   0.221266,   0.988525,   0.100043, 0,0,0,0
   18240,   0.254959,   0.987792,   0.111274, 0,0,0,0
   18256,   0.255936,   0.984984,   0.154123, 0,0,0,0
   18272,   0.236526,   0.973265,   0.158274, 0,0,0,0
   18287,   0.188427,   0.953366,   0.175609, 0,0,0,0
   18303,   0.154611,   0.963865,   0.193188, 0,0,0,0
   18318,   0.117500,   0.937618,   0.200879, 0,0,0,0
   18334,   0.089666,   0.885491,   0.142526, 0,0,0,0
   18350,   0.055851,   0.846182,   0.120308, 0,0,0,0
   18365,   0.025209,   0.867790,   0.193432, 0,0,0,0
   18381,   0.037295,   0.895624,   0.230056, 0,0,0,0
   18397,   0.029116,   0.892449,   0.277544, 0,0,0,0
   18412,   0.005677,   0.891473,   0.318562, 0,0,0,0
   18428,  -0.016297,   0.849722,   0.325276, 0,0,0,0
   18444,  -0.003235,   0.771592,   0.281572, 0,0,0,0
   18459,   0.055606,   0.754257,   0.358237, 0,0,0,0
   18475,   0.156443,   0.816273,   0.463102, 0,0,0,0
   18490,   0.239089,   0.841299,   0.540255, 0,0,0,0
   18506,   0.281084,   0.813465,   0.573704, 0,0,0,0
   18522,   0.276079,   0.782335,   0.607032, 0,0,0,0
   18538,   0.225661,   0.714826,   0.628517, 0,0,0,0
   18554,   0.180492,   0.629860,   0.570652, 0,0,0,0
   18570,   0.177196,   0.577611,   0.542453, 0,0,0,0
   18586,   0.196606,   0.560398,   0.564793, 0,0,0,0
   18601,   0.225783,   0.558933,   0.571873, 0,0,0,0
   18617,   0.270830,   0.541476,   0.555515, 0,0,0,0
   18633,   0.281328,   0.507538,   0.595312, 0,0,0,0
   18648,   0.295733,   0.507782,   0.655375, 0,0,0,0
   18664,   0.306354,   0.495819,   0.717512, 0,0,0,0
   18680,   0.382164,   0.511445,   0.676006, 0,0,0,0
   18695,   0.430874,   0.533541,   0.756943, 0,0,0,0
   18711,   0.439175,   0.566746,   0.875359, 0,0,0,0
   18726,   0.441983,   0.573949,   0.857291, 0,0,0,0
   18742,   0.393396,   0.553928,   0.895257, 0,0,0,0
   18758,   0.341390,   0.524873,   0.907343, 0,0,0,0
   18773,   0.300739,   0.521211,   0.931392, 0,0,0,0
   18789,   0.271196,   0.518647,   0.975584, 0,0,0,0
   18804,   0.236404,   0.495819,   0.981444, 0,0,0,0
   18820,   0.180370,   0.479949,   1.037478, 0,0,0,0
   18836,   0.117744,   0.380455,   1.014649, 0,0,0,0
   18851,   0.096014,   0.305011,   0.971190, 0,0,0,0
   18867,   0.100531,   0.261185,   0.991455, 0,0,0,0
   18883,   0.096380,   0.219313,   0.973387, 0,0,0,0
   18898,   0.102851,   0.183300,   0.952878, 0,0,0,0
   18914,   0.098822,   0.122627,   0.924800, 0,0,0,0
   18930,   0.101874,   0.097845,   0.975218, 0,0,0,0
   18945,   0.154001,   0.115180,   1.006592, 0,0,0,0
   18961,   0.152902,   0.095038,   1.063847, 0,0,0,0
   18976,   0.131417,   0.076238,   1.116951, 0,0,0,0
   18992,   0.138131,   0.067814,   1.124886, 0,0,0,0
   19008,   0.173289,   0.087957,   1.115852, 0,0,0,0
   19023,   0.190502,   0.093328,   1.129280, 0,0,0,0
   19039,   0.194775,   0.096747,   1.112190, 0,0,0,0
   19054,   0.215162,   0.078801,   1.098883, 0,0,0,0
   19070,   0.227370,   0.040469,   1.041995, 0,0,0,0
   19086,   0.213819,   0.026308,   1.060917, 0,0,0,0
   19101,   0.209424,  -0.001648,   1.031618, 0,0,0,0
   19117,   0.224440,   0.045108,   1.034426, 0,0,0,0
   19133,   0.210157,   0.067448,   1.042971, 0,0,0,0
   19148,   0.207471,   0.104560,   1.050784, 0,0,0,0
   19164,   0.236770,   0.184032,   1.067509, 0,0,0,0
   19180,   0.280962,   0.250198,   1.067509, 0,0,0,0
   19195,   0.322590,   0.351401,   1.058353, 0,0,0,0
   19211,   0.288409,   0.356284,   1.052615, 0,0,0,0
   19226,   0.238845,   0.318928,   1.064213, 0,0,0,0
   19242,   0.221998,   0.327962,   1.099127, 0,0,0,0
   19258,   0.202344,   0.305622,   1.075932, 0,0,0,0
   19273,   0.164988,   0.248123,   1.014039, 0,0,0,0
   19289,   0.156687,   0.234450,   0.982055, 0,0,0,0
   19304,   0.162669,   0.245804,   0.985229, 0,0,0,0
   19320,   0.192578,   0.250809,   0.966917, 0,0,0,0
   19336,   0.226759,   0.252518,   0.950436, 0,0,0,0
   19351,   0.258011,   0.273271,   0.947018, 0,0,0,0
   19367,   0.276079,   0.296100,   0.946896, 0,0,0,0
   19382,   0.267411,   0.316120,   0.935055, 0,0,0,0
   19398,   0.220167,   0.314777,   0.909418, 0,0,0,0
   19414,   0.185863,   0.317463,   0.872551, 0,0,0,0
   19429,   0.194165,   0.370323,   0.893304, 0,0,0,0
   19445,   0.223219,   0.422816,   0.901361, 0,0,0,0
   19461,   0.238967,   0.397913,   0.874504, 0,0,0,0
   19476,   0.248123,   0.369957,   0.843008, 0,0,0,0
   19492,   0.224196,   0.415003,   0.888055, 0,0,0,0
   19508,   0.188061,   0.418666,   0.897577, 0,0,0,0
   19523,   0.193554,   0.443814,   0.873039, 0,0,0,0
   19538,   0.235549,   0.487029,   0.858878, 0,0,0,0
   19554,   0.288653,   0.517549,   0.852896, 0,0,0,0
   19572,   0.344564,   0.536837,   0.841543, 0,0,0,0
   19588,   0.364097,   0.564060,   0.889642, 0,0,0,0
   19604,   0.362266,   0.586034,   0.871330, 0,0,0,0
   19619,   0.352011,   0.600073,   0.853263, 0,0,0,0
   19635,   0.317097,   0.590551,   0.797107, 0,0,0,0
   19650,   0.298053,   0.592749,   0.752304, 0,0,0,0
   19666,   0.295245,   0.617286,   0.717878, 0,0,0,0
   19681,   0.291461,   0.659159,   0.697980, 0,0,0,0
   19697,   0.302326,   0.699811,   0.672587, 0,0,0,0
   19713,   0.317097,   0.707135,   0.665263, 0,0,0,0
   19728,   0.285967,   0.677959,   0.656107, 0,0,0,0
   19750,   0.269243,   0.714094,   0.670512, 0,0,0,0
   19766,   0.266191,   0.781237,   0.665873, 0,0,0,0
   19781,   0.270830,   0.767686,   0.612769, 0,0,0,0
   19797,   0.284380,   0.749985,   0.597754, 0,0,0,0
   19813,   0.291949,   0.732894,   0.600684, 0,0,0,0
   19828,   0.303791,   0.766221,   0.632912, 0,0,0,0
   19844,   0.317097,   0.796130,   0.652200, 0,0,0,0
   19859,   0.315144,   0.800891,   0.603003, 0,0,0,0
   19875,   0.332113,   0.820179,   0.556614, 0,0,0,0
   19891,   0.317952,   0.785876,   0.497284, 0,0,0,0
   19906,   0.312580,   0.775865,   0.484710, 0,0,0,0
   19922,   0.334676,   0.809192,   0.506440, 0,0,0,0
   19938,   0.331624,   0.824452,   0.514130, 0,0,0,0
   19953,   0.329793,   0.830800,   0.490325, 0,0,0,0
   19969,   0.328572,   0.842642,   0.480925, 0,0,0,0
   19984,   0.320027,   0.857291,   0.465177, 0,0,0,0
   20000,   0.305133,   0.845572,   0.422938, 0,0,0,0
   20016,   0.289996,   0.838125,   0.400720, 0,0,0,0
   20031,   0.296588,   0.839712,   0.380211, 0,0,0,0
   20047,   0.309162,   0.855704,   0.343588, 0,0,0,0
   20062,   0.313679,   0.890130,   0.388268, 0,0,0,0
   20078,   0.332845,   0.925411,   0.378624, 0,0,0,0
   20094,   0.326497,   0.904413,   0.332113, 0,0,0,0
   20109,   0.302936,   0.889886,   0.325398, 0,0,0,0
   20125,   0.297320,   0.905390,   0.323567, 0,0,0,0
   20140,   0.298907,   0.922359,   0.322835, 0,0,0,0
   20156,   0.319905,   0.939571,   0.311115, 0,0,0,0
   20172,   0.349203,   0.954099,   0.287432, 0,0,0,0
   20188,   0.339437,   0.943356,   0.267533, 0,0,0,0
   20203,   0.326131,   0.952878,   0.268876, 0,0,0,0
   20219,   0.335042,   0.964720,   0.264481, 0,0,0,0
   20234,   0.338094,   0.955075,   0.230666, 0,0,0,0
   20250,   0.335653,   0.941159,   0.198193, 0,0,0,0
   20266,   0.343222,   0.955442,   0.176952, 0,0,0,0
   20281,   0.332235,   0.956296,   0.158640, 0,0,0,0
   20297,   0.321248,   0.974730,   0.161082, 0,0,0,0
   20312,   0.336629,   0.996216,   0.160593, 0,0,0,0
   20328,   0.360679,   1.036379,   0.177684, 0,0,0,0
   20344,   0.370445,   1.040530,   0.149484, 0,0,0,0
   20359,   0.370567,   1.042239,   0.115913, 0,0,0,0
   20375,   0.368614,   1.057499,   0.121040, 0,0,0,0
   20390,   0.354453,   1.059940,   0.108466, 0,0,0,0
   20406,   0.309772,   1.046634,   0.079778, 0,0,0,0
   20422,   0.271562,   1.026979,   0.039980, 0,0,0,0
   20438,   0.259354,   1.033449,   0.005188, 0,0,0,0
   20453,   0.253739,   1.012086,  -0.043643, 0,0,0,0
   20469,   0.263383,   1.013184,  -0.084905, 0,0,0,0
   20484,   0.267289,   0.996460,  -0.141915, 0,0,0,0
   20500,   0.295367,   0.998901,  -0.151437, 0,0,0,0
   20516,   0.323567,   1.025392,  -0.153147, 0,0,0,0
   20531,   0.323445,   1.007203,  -0.179271, 0,0,0,0
   20547,   0.318806,   0.967161,  -0.227248, 0,0,0,0
   20563,   0.310139,   0.944821,  -0.284380, 0,0,0,0
   20574,   0.286578,   0.914301,  -0.302936, 0,0,0,0
   20590,   0.267289,   0.930782,  -0.301471, 0,0,0,0
   20605,   0.246048,   0.926265,  -0.297320, 0,0,0,0
   20621,   0.231521,   0.909662,  -0.315144, 0,0,0,0
   20637,   0.224684,   0.909174,  -0.327107, 0,0,0,0
   20652,   0.230056,   0.904535,  -0.327718, 0,0,0,0
   20668,   0.241409,   0.888055,  -0.353476, 0,0,0,0
   20684,   0.244217,   0.851798,  -0.395959, 0,0,0,0
   20699,   0.242752,   0.831533,  -0.431972, 0,0,0,0
   20715,   0.232497,   0.813221,  -0.423549, 0,0,0,0
   20730,   0.252762,   0.797473,  -0.437588, 0,0,0,0
   20746,   0.277178,   0.778673,  -0.456266, 0,0,0,0
   20762,   0.290484,   0.761460,  -0.482879, 0,0,0,0
   20778,   0.292071,   0.728255,  -0.482756, 0,0,0,0
   20793,   0.303668,   0.683452,  -0.519746, 0,0,0,0
   20809,   0.320637,   0.653665,  -0.546969, 0,0,0,0
   20824,   0.334432,   0.655008,  -0.536471, 0,0,0,0
   20840,   0.335409,   0.631203,  -0.549045, 0,0,0,0
   20856,   0.334188,   0.595801,  -0.592138, 0,0,0,0
   20871,   0.347006,   0.573704,  -0.620949, 0,0,0,0
   20887,   0.361777,   0.556369,  -0.638772, 0,0,0,0
   20902,   0.362266,   0.540621,  -0.642068, 0,0,0,0
   20918,   0.376305,   0.513398,  -0.654886, 0,0,0,0
   20934,   0.404627,   0.481780,  -0.696148, 0,0,0,0
   20949,   0.417201,   0.460294,  -0.697003, 0,0,0,0
   20965,   0.409876,   0.448086,  -0.701032, 0,0,0,0
   20981,   0.400964,   0.430996,  -0.709333, 0,0,0,0
   20996,   0.392297,   0.415858,  -0.727889, 0,0,0,0
   21012,   0.402918,   0.391931,  -0.748031, 0,0,0,0
   21027,   0.408533,   0.395959,  -0.737777, 0,0,0,0
   21043,   0.411219,   0.348959,  -0.779405, 0,0,0,0
   21059,   0.406458,   0.315632,  -0.816883, 0,0,0,0
   21074,   0.392175,   0.306720,  -0.801990, 0,0,0,0
   21090,   0.387902,   0.275468,  -0.822011, 0,0,0,0
   21106,   0.394616,   0.232985,  -0.847769, 0,0,0,0
   21121,   0.403406,   0.210645,  -0.860343, 0,0,0,0
   21137,   0.416102,   0.206495,  -0.853140, 0,0,0,0
   21152,   0.446255,   0.196362,  -0.842398, 0,0,0,0
   21168,   0.456998,   0.174266,  -0.839346, 0,0,0,0
   21184,   0.466886,   0.169383,  -0.804676, 0,0,0,0
   21199,   0.476286,   0.149362,  -0.810291, 0,0,0,0
   21215,   0.476164,   0.151315,  -0.835073, 0,0,0,0
   21230,   0.428676,   0.125069,  -0.852408, 0,0,0,0
   21246,   0.376549,   0.109687,  -0.873894, 0,0,0,0
   21262,   0.352499,   0.086614,  -0.876701, 0,0,0,0
   21277,   0.357749,   0.048892,  -0.901727, 0,0,0,0
   21293,   0.373863,   0.032900,  -0.894281, 0,0,0,0
   21309,   0.416712,   0.026918,  -0.869743, 0,0,0,0
   21324,   0.468351,   0.012757,  -0.879143, 0,0,0,0
   21340,   0.482512,   0.007386,  -0.860709, 0,0,0,0
   21355,   0.485320,  -0.021303,  -0.895135, 0,0,0,0
   21371,   0.500214,  -0.034731,  -0.904779, 0,0,0,0
   21387,   0.515595,  -0.024232,  -0.893792, 0,0,0,0
   21402,   0.525118,  -0.036074,  -0.909418, 0,0,0,0
   21418,   0.531710,  -0.036562,  -0.924190, 0,0,0,0
   21434,   0.534762,  -0.034853,  -0.946042, 0,0,0,0
   21449,   0.526582,  -0.024355,  -0.928340, 0,0,0,0
   21465,   0.523775,  -0.010438,  -0.929927, 0,0,0,0
   21480,   0.522066,  -0.000183,  -0.932369, 0,0,0,0
   21496,   0.512421,   0.022401,  -0.916255, 0,0,0,0
   21512,   0.485442,   0.010804,  -0.932979, 0,0,0,0
   21527,   0.459318,  -0.015443,  -0.963621, 0,0,0,0
   21543,   0.465666,  -0.011781,  -0.953488, 0,0,0,0
   21558,   0.478362,   0.001038,  -0.945797, 0,0,0,0
   21573,   0.466154,  -0.013123,  -0.950681, 0,0,0,0
   21589,   0.461271,  -0.014100,  -0.939816, 0,0,0,0
   21607,   0.459073,  -0.018251,  -0.931759, 0,0,0,0
   21623,   0.462736,  -0.031069,  -0.944821, 0,0,0,0
   21638,   0.463834,  -0.029482,  -0.933590, 0,0,0,0
   21654,   0.474821,  -0.012635,  -0.920649, 0,0,0,0
   21670,   0.472380,  -0.006409,  -0.917720, 0,0,0,0
   21685,   0.448941,  -0.001648,  -0.906733, 0,0,0,0
   21701,   0.426845,   0.026308,  -0.905756, 0,0,0,0
   21717,   0.406336,   0.034975,  -0.902460, 0,0,0,0
   21732,   0.364951,   0.055240,  -0.903803, 0,0,0,0
   21748,   0.359214,   0.085027,  -0.881218, 0,0,0,0
   21763,   0.380211,   0.117500,  -0.875847, 0,0,0,0
   21779,   0.395349,   0.162058,  -0.841055, 0,0,0,0
   21795,   0.396081,   0.214796,  -0.823598, 0,0,0,0
   21810,   0.407435,   0.252152,  -0.818470, 0,0,0,0
   21826,   0.377648,   0.301959,  -0.802600, 0,0,0,0
   21841,   0.331990,   0.330648,  -0.772569, 0,0,0,0
   21857,   0.281328,   0.330892,  -0.782213, 0,0,0,0
   21873,   0.237258,   0.339803,  -0.766954, 0,0,0,0
   21888,   0.215406,   0.353476,  -0.731917, 0,0,0,0
   21904,   0.201733,   0.400964,  -0.680034, 0,0,0,0
   21920,   0.198315,   0.451749,  -0.637551, 0,0,0,0
   21935,   0.185009,   0.514375,  -0.630104, 0,0,0,0
   21951,   0.168528,   0.548434,  -0.651590, 0,0,0,0
   21966,   0.176341,   0.578099,  -0.650247, 0,0,0,0
   21982,   0.207959,   0.603491,  -0.633767, 0,0,0,0
   21998,   0.238113,   0.626564,  -0.598730, 0,0,0,0
   22013,   0.285845,   0.640603,  -0.593359, 0,0,0,0
   22029,   0.319417,   0.652689,  -0.597388, 0,0,0,0
   22045,   0.340536,   0.677593,  -0.587499, 0,0,0,0
   22060,   0.343954,   0.678813,  -0.576146, 0,0,0,0
   22076,   0.343832,   0.689556,  -0.582372, 0,0,0,0
   22092,   0.341268,   0.720564,  -0.560764, 0,0,0,0
   22107,   0.330892,   0.713972,  -0.556491, 0,0,0,0
   22123,   0.315266,   0.699811,  -0.542819, 0,0,0,0
   22138,   0.331868,   0.708112,  -0.540499, 0,0,0,0
   22154,   0.346762,   0.717268,  -0.549045, 0,0,0,0
   22169,   0.332235,   0.721418,  -0.549899, 0,0,0,0
   22185,   0.316487,   0.743515,  -0.532076, 0,0,0,0
   22201,   0.298175,   0.768663,  -0.503754, 0,0,0,0
   22216,   0.254837,   0.782213,  -0.467375, 0,0,0,0
   22232,   0.217237,   0.780382,  -0.457364, 0,0,0,0
   22247,   0.188427,   0.775133,  -0.454434, 0,0,0,0
   22263,   0.173167,   0.780138,  -0.428188, 0,0,0,0
   22279,   0.163035,   0.793200,  -0.391076, 0,0,0,0
   22294,   0.182689,   0.832143,  -0.335653, 0,0,0,0
   22310,   0.211133,   0.886468,  -0.253739, 0,0,0,0
   22326,   0.210279,   0.926509,  -0.220289, 0,0,0,0
   22341,   0.163523,   0.952756,  -0.175609, 0,0,0,0
   22357,   0.127876,   0.967649,  -0.216505, 0,0,0,0
   22373,   0.102973,   0.973265,  -0.231154, 0,0,0,0
   22388,   0.111030,   0.989623,  -0.245559, 0,0,0,0
   22404,   0.162424,   1.019532,  -0.230666, 0,0,0,0
   22420,   0.237991,   1.053958,  -0.240188, 0,0,0,0
   22435,   0.300006,   1.092291,  -0.215040, 0,0,0,0
   22451,   0.328816,   1.107306,  -0.203076, 0,0,0,0
   22466,   0.312458,   1.114509,  -0.200269, 0,0,0,0
   22482,   0.258255,   1.086309,  -0.203321, 0,0,0,0
   22498,   0.211378,   1.061649,  -0.272539, 0,0,0,0
   22513,   0.159006,   1.053348,  -0.276201, 0,0,0,0
   22529,   0.113105,   1.064457,  -0.252030, 0,0,0,0
   22545,   0.089910,   1.062382,  -0.263139, 0,0,0,0
   22560,   0.102606,   1.072026,  -0.246414, 0,0,0,0
   22576,   0.106391,   1.085821,  -0.217604, 0,0,0,0
   22592,   0.096869,   1.087408,  -0.212843, 0,0,0,0
   22607,   0.087469,   1.104987,  -0.175365, 0,0,0,0
   22625,   0.078069,   1.109504,  -0.150705, 0,0,0,0
   22640,   0.060001,   1.100470,  -0.152536, 0,0,0,0
   22656,   0.035464,   1.075688,  -0.167430, 0,0,0,0
   22672,   0.040469,   1.073369,  -0.181835, 0,0,0,0
   22687,   0.056339,   1.075078,  -0.159373, 0,0,0,0
   22703,   0.079167,   1.092169,  -0.111518, 0,0,0,0
   22718,   0.101019,   1.116096,  -0.072819, 0,0,0,0
   22734,   0.126289,   1.123787,  -0.060856, 0,0,0,0
   22750,   0.138497,   1.101202,  -0.069645, 0,0,0,0
   22765,   0.128731,   1.090460,  -0.067204, 0,0,0,0
   22781,   0.113960,   1.079961,  -0.081365, 0,0,0,0
   22797,   0.108466,   1.064579,  -0.110663, 0,0,0,0
   22812,   0.091131,   1.041140,  -0.140328, 0,0,0,0
   22828,   0.065251,   1.031008,  -0.151315, 0,0,0,0
   22843,   0.044009,   1.024782,  -0.133736, 0,0,0,0
   22859,   0.033632,   1.046756,  -0.109199, 0,0,0,0
   22874,   0.018617,   1.031008,  -0.104560, 0,0,0,0
   22890,   0.006897,   1.023683,  -0.118599, 0,0,0,0
   22906,   0.013001,   1.014405,  -0.144845, 0,0,0,0
   22922,   0.022523,   1.000244,  -0.159617, 0,0,0,0
   22937,   0.017274,   1.002198,  -0.141793, 0,0,0,0
   22953,   0.033877,   1.015992,  -0.133858, 0,0,0,0
   22968,   0.062443,   1.024538,  -0.104193, 0,0,0,0
   22984,   0.098822,   1.039431,  -0.104926, 0,0,0,0
   23000,   0.131783,   1.054203,  -0.084783, 0,0,0,0
   23015,   0.157297,   1.079717,  -0.079534, 0,0,0,0
   23031,   0.150461,   1.077886,  -0.082219, 0,0,0,0
   23046,   0.131050,   1.055545,  -0.097479, 0,0,0,0
   23062,   0.091497,   1.032595,  -0.112739, 0,0,0,0
   23078,   0.058903,   1.019044,  -0.113349, 0,0,0,0
   23093,   0.054752,   1.012696,  -0.118599, 0,0,0,0
   23109,   0.079900,   0.985351,  -0.154367, 0,0,0,0
   23125,   0.084417,   0.973509,  -0.145578, 0,0,0,0
   23140,   0.082097,   0.979857,  -0.150217, 0,0,0,0
   23156,   0.072697,   0.998779,  -0.138863, 0,0,0,0
   23171,   0.050723,   0.977416,  -0.169627, 0,0,0,0
   23187,   0.024965,   0.961912,  -0.197217, 0,0,0,0
   23203,   0.024232,   0.975340,  -0.195385, 0,0,0,0
   23218,   0.021425,   0.985351,  -0.194043, 0,0,0,0
   23234,   0.010193,   0.998169,  -0.170726, 0,0,0,0
   23250,  -0.009461,   1.006958,  -0.163889, 0,0,0,0
   23265,  -0.039980,   0.990112,  -0.165843, 0,0,0,0
   23281,  -0.065617,   0.986327,  -0.161570, 0,0,0,0
   23296,  -0.074895,   0.988891,  -0.158274, 0,0,0,0
   23312,  -0.075505,   0.987670,  -0.159373, 0,0,0,0
   23328,  -0.064762,   0.978270,  -0.147287, 0,0,0,0
   23343,  -0.042544,   1.003662,  -0.130074, 0,0,0,0
   23359,  -0.008606,   1.016603,  -0.131783, 0,0,0,0
   23374,  -0.012635,   1.020387,  -0.136178, 0,0,0,0
   23390,  -0.033266,   1.005860,  -0.149484, 0,0,0,0
   23406,  -0.041201,   0.998291,  -0.160227, 0,0,0,0
   23421,  -0.018617,   1.001709,  -0.165476, 0,0,0,0
   23437,  -0.007996,   1.004883,  -0.144235, 0,0,0,0
   23453,  -0.003968,   1.010377,  -0.140450, 0,0,0,0
   23468,   0.016541,   1.014649,  -0.115669, 0,0,0,0
   23484,   0.029238,   1.011597,  -0.119941, 0,0,0,0
   23500,   0.030947,   0.998657,  -0.149118, 0,0,0,0
   23515,   0.030092,   0.991821,  -0.156076, 0,0,0,0
   23531,  -0.010438,   0.994995,  -0.146310, 0,0,0,0
   23546,  -0.040591,   0.984252,  -0.148874, 0,0,0,0
   23562,  -0.062443,   0.976195,  -0.164500, 0,0,0,0
   23578,  -0.066593,   1.021974,  -0.192944, 0,0,0,1
   23594,  -0.091253,   0.957639,  -0.151071, 0,0,0,1
   23610,  -0.063786,   0.979491,  -0.128609, 0,0,0,1
   23625,  -0.052310,   0.991699,  -0.114814, 0,0,0,1
   23642,  -0.040835,   1.017091,  -0.127144, 0,0,0,1
   23658,  -0.036074,   1.013428,  -0.129830, 0,0,0,1
   23674,  -0.019716,   1.022096,  -0.140450, 0,0,0,1
   23689,  -0.017762,   1.018800,  -0.103339, 0,0,0,1
   23705,  -0.033266,   1.020753,  -0.096258, 0,0,0,1
   23720,  -0.053043,   1.003296,  -0.095160, 0,0,0,1
   23736,  -0.060978,   0.999634,  -0.088934, 0,0,0,1
   23752,  -0.088812,   0.990478,  -0.098089, 0,0,0,1
   23767,  -0.106635,   0.984008,  -0.118599, 0,0,0,1
   23783,  -0.121773,   0.985717,  -0.113838, 0,0,0,1
   23798,  -0.133126,   0.998657,  -0.121895, 0,0,0,1
   23814,  -0.101996,   1.012818,  -0.110297, 0,0,0,1
   23830,  -0.060123,   1.025636,  -0.103095, 0,0,0,1
   23845,  -0.037417,   1.035647,  -0.094915, 0,0,0,1
   23861,  -0.020692,   1.029421,  -0.098456, 0,0,0,1
   23876,  -0.016419,   1.022584,  -0.107123, 0,0,0,1
   23892,  -0.012635,   1.016358,  -0.109321, 0,0,0,1
   23908,  -0.014832,   0.995117,  -0.112861, 0,0,0,1
   23923,  -0.014344,   0.974364,  -0.115425, 0,0,0,1
   23939,  -0.011048,   0.971434,  -0.106269, 0,0,0,1
   23955,  -0.001160,   0.977293,  -0.084295, 0,0,0,1
   23970,  -0.027162,   0.972899,  -0.088079, 0,0,0,1
   23986,   0.036074,   0.999756,  -0.066471, 0,0,0,0
   24002,   0.021425,   1.017701,  -0.023622, 0,0,0,0
   24017,   0.065617,   0.995605,  -0.085882, 0,0,0,0
   24033,   0.061466,   0.969847,  -0.101874, 0,0,0,0
   24048,   0.051700,   0.959470,  -0.103705, 0,0,0,0
   24064,   0.036684,   0.947507,  -0.102118, 0,0,0,0
   24080,   0.037173,   0.958127,  -0.113838, 0,0,0,0
   24095,   0.040957,   0.971556,  -0.108832, 0,0,0,0
   24111,   0.039858,   0.994140,  -0.099188, 0,0,0,0
   24126,   0.054874,   1.018678,  -0.109321, 0,0,0,0
   24142,   0.060367,   1.024782,  -0.107612, 0,0,0,0
   24158,   0.058048,   1.039065,  -0.097113, 0,0,0,0
   24173,   0.052799,   1.047244,  -0.084905, 0,0,0,0
   24189,   0.046451,   1.038821,  -0.077825, 0,0,0,0
   24205,   0.047427,   1.031984,  -0.085515, 0,0,0,0
   24220,   0.044864,   1.014771,  -0.075261, 0,0,0,0
   24236,   0.046695,   1.007081,  -0.074895, 0,0,0,0
   24252,   0.045474,   0.991455,  -0.070866, 0,0,0,0
   24267,   0.037905,   0.987182,  -0.053775, 0,0,0,0
   24283,   0.035708,   0.992431,  -0.040591, 0,0,0,0
   24298,   0.042910,   0.992553,  -0.043521, 0,0,0,0
   24314,   0.047793,   0.978392,  -0.052310, 0,0,0,0
   24330,   0.066105,   0.973997,  -0.064518, 0,0,0,0
   24345,   0.093573,   0.975584,  -0.073064, 0,0,0,0
   24361,   0.107612,   0.984008,  -0.065251, 0,0,0,0
   24377,   0.111396,   1.002686,  -0.053531, 0,0,0,0
   24392,   0.107367,   1.019655,  -0.068547, 0,0,0,0
   24408,   0.092230,   1.045901,  -0.055240, 0,0,0,0
   24423,   0.073186,   1.037234,  -0.063664, 0,0,0,0
   24439,   0.048892,   1.006958,  -0.068913, 0,0,0,0
   24454,   0.033266,   0.998657,  -0.065495, 0,0,0,0
   24470,   0.032900,   1.005005,  -0.047916, 0,0,0,0
   24486,   0.041690,   1.012696,  -0.032900, 0,0,0,0
   24502,   0.054996,   1.031740,  -0.010071, 0,0,0,0
   24517,   0.062199,   1.049075,   0.008484, 0,0,0,0
   24533,   0.065251,   1.049197,   0.001648, 0,0,0,0
   24548,   0.042666,   1.025636,  -0.015199, 0,0,0,0
   24564,   0.013856,   1.002198,  -0.028993, 0,0,0,0
   24579,  -0.011414,   0.987060,  -0.041568, 0,0,0,0
   24595,  -0.031923,   0.976683,  -0.035097, 0,0,0,0
   24611,  -0.029970,   0.974120,  -0.049258, 0,0,0,0
   24626,  -0.006775,   0.986694,  -0.064274, 0,0,0,0
   24642,   0.005921,   1.018190,  -0.063908, 0,0,0,0
   24660,   0.007142,   1.026003,  -0.047916, 0,0,0,0
   24675,  -0.002258,   1.043826,  -0.045352, 0,0,0,0
   24691,  -0.019593,   1.036379,  -0.019716, 0,0,0,0
   24706,  -0.029238,   1.033938,  -0.022645, 0,0,0,0
   24722,  -0.036684,   1.029665,  -0.016542, 0,0,0,0
   24738,  -0.039370,   1.024782,  -0.013490, 0,0,0,0
   24760,  -0.034365,   1.014405,  -0.012635, 0,0,0,0
   24776,  -0.020936,   1.021363,  -0.006287, 0,0,0,0
   24791,  -0.007630,   1.027590,   0.018373, 0,0,0,0
   24807,   0.001892,   1.014649,  -0.003723, 0,0,0,0
   24823,   0.010560,   1.004151,  -0.006531, 0,0,0,0
   24838,   0.019838,   1.001587,   0.007508, 0,0,0,0
   24854,   0.042544,   0.993652,   0.004944, 0,0,0,0
   24870,   0.061222,   0.980101,  -0.047793, 0,0,0,0
   24885,   0.039858,   0.956540,  -0.055362, 0,0,0,0
   24901,   0.025453,   0.965696,  -0.010804, 0,0,0,0
   24916,   0.036562,   0.984496,   0.013978, 0,0,0,0
   24932,   0.058658,   1.008545,   0.017030, 0,0,0,0
   24948,   0.064274,   1.011353,   0.031435, 0,0,0,0
   24963,   0.057071,   1.006104,   0.020570, 0,0,0,0
   24979,   0.055484,   1.003784,   0.003723, 0,0,0,0
   24994,   0.055240,   1.004395,  -0.001282, 0,0,0,0
   25010,   0.047061,   1.003906,  -0.006287, 0,0,0,0
   25026,   0.026918,   0.995605,   0.010438, 0,0,0,0
   25041,   0.015931,   1.012574,   0.016053, 0,0,0,0
   25057,   0.021425,   1.012330,   0.016664, 0,0,0,0
   25073,   0.031557,   1.011475,   0.009461, 0,0,0,0
   25088,   0.043521,   1.004151,  -0.004334, 0,0,0,0
   25104,   0.064884,   0.989501,  -0.029604, 0,0,0,0
   25120,   0.074528,   0.988403,  -0.012025, 0,0,0,0
   25135,   0.087591,   1.002808,   0.012879, 0,0,0,0
   25151,   0.098334,   1.015992,   0.013734, 0,0,0,0
   25166,   0.103461,   1.015382,   0.017152, 0,0,0,0
   25182,   0.102484,   1.013184,   0.016541, 0,0,0,0
   25198,   0.101019,   1.014039,   0.017762, 0,0,0,0
   25213,   0.102851,   1.013917,   0.017030, 0,0,0,0
   25229,   0.098700,   1.023561,   0.025941, 0,0,0,0
   25244,   0.090765,   1.041873,   0.036074, 0,0,0,0
   25260,   0.073674,   1.041873,   0.046329, 0,0,0,0
   25276,   0.055729,   1.036501,   0.041201, 0,0,0,0
   25291,   0.044619,   1.018922,   0.027162, 0,0,0,0
   25307,   0.041445,   1.007325,   0.033999, 0,0,0,0
   25323,   0.063786,   1.002075,   0.012635, 0,0,0,0
   25338,   0.086370,   0.999268,   0.024232, 0,0,0,0
   25354,   0.107856,   1.001587,   0.031435, 0,0,0,0
   25369,   0.126412,   1.004151,   0.020936, 0,0,0,0
   25385,   0.126656,   0.992553,   0.012025, 0,0,0,0
   25401,   0.111762,   0.985961,   0.024232, 0,0,0,0
   25416,   0.102240,   0.982909,   0.016419, 0,0,0,0
   25432,   0.101019,   0.964964,  -0.003723, 0,0,0,0
